Year,SDG Series,Age,Unit of measure,Value
2011,Average proportion of deprivations for people multidimensionally poor [1.2.2],,Percent,47.5
2014,Average proportion of deprivations for people multidimensionally poor [1.2.2],,Percent,44.23
2011,Proportion of population living in multidimensional poverty [1.2.2],,Percent,39.1
2014,Proportion of population living in multidimensional poverty [1.2.2],,Percent,28.62
2014,Proportion of population living in multidimensional poverty [1.2.2],under 10 years old,Percent,41.61
