Year,SERIES,Reference area,UNIT_MEASURE,Value
2006,Proportion of population living in poverty in all its dimensions according to national definitions [1.2.2],,Percent,59.4
2011,Proportion of population living in poverty in all its dimensions according to national definitions [1.2.2],,Percent,39.1
2014,Proportion of population living in poverty in all its dimensions according to national definitions [1.2.2],,Percent,30.1
2019,Proportion of population living in poverty in all its dimensions according to national definitions [1.2.2],,Percent,17.4
2014,Proportion of population living in poverty in all its dimensions according to national definitions [1.2.2],Province 1,Percent,21.3
2019,Proportion of population living in poverty in all its dimensions according to national definitions [1.2.2],Province 1,Percent,15.9
2014,Proportion of population living in poverty in all its dimensions according to national definitions [1.2.2],Madhesh,Percent,49.1
2019,Proportion of population living in poverty in all its dimensions according to national definitions [1.2.2],Madhesh,Percent,24.2
2014,Proportion of population living in poverty in all its dimensions according to national definitions [1.2.2],Bagmati,Percent,14.4
2019,Proportion of population living in poverty in all its dimensions according to national definitions [1.2.2],Bagmati,Percent,7.0
2014,Proportion of population living in poverty in all its dimensions according to national definitions [1.2.2],Gandaki,Percent,18.5
2019,Proportion of population living in poverty in all its dimensions according to national definitions [1.2.2],Gandaki,Percent,9.6
2014,Proportion of population living in poverty in all its dimensions according to national definitions [1.2.2],Lumbini,Percent,31.2
2019,Proportion of population living in poverty in all its dimensions according to national definitions [1.2.2],Lumbini,Percent,18.2
2014,Proportion of population living in poverty in all its dimensions according to national definitions [1.2.2],Karnali,Percent,50.9
2019,Proportion of population living in poverty in all its dimensions according to national definitions [1.2.2],Karnali,Percent,39.5
2014,Proportion of population living in poverty in all its dimensions according to national definitions [1.2.2],Sudurpashchim,Percent,32.5
2019,Proportion of population living in poverty in all its dimensions according to national definitions [1.2.2],Sudurpashchim,Percent,25.3
