Year,SERIES,Reference area,UNIT_MEASURE,Value
2014,Proportion of population covered by at least one social protection benefit [1.3.1],Province 1,Percent,21.2
2014,Proportion of population covered by at least one social protection benefit [1.3.1],Madhesh,Percent,49.1
2014,Proportion of population covered by at least one social protection benefit [1.3.1],Bagmati,Percent,14.4
2014,Proportion of population covered by at least one social protection benefit [1.3.1],Gandaki,Percent,18.5
2014,Proportion of population covered by at least one social protection benefit [1.3.1],Lumbini,Percent,31.2
2014,Proportion of population covered by at least one social protection benefit [1.3.1],Karnali,Percent,50.9
2014,Proportion of population covered by at least one social protection benefit [1.3.1],,Percent,32.5
