Year,Series,Reference area,Units,Value
2005,Direct agriculture loss attributed to disasters,Nepal,USD,134656.0
2006,Direct agriculture loss attributed to disasters,Nepal,USD,23534154.0
2007,Direct agriculture loss attributed to disasters,Nepal,USD,6991027.0
2008,Direct agriculture loss attributed to disasters,Nepal,USD,39864900.0
2009,Direct agriculture loss attributed to disasters,Nepal,USD,22561069.0
2010,Direct agriculture loss attributed to disasters,Nepal,USD,8433786.0
2015,Direct agriculture loss attributed to disasters,Nepal,USD,354391634.0
2016,Direct agriculture loss attributed to disasters,Nepal,USD,1234143198.0
2017,Direct agriculture loss attributed to disasters,Nepal,USD,843018942.0
2018,Direct agriculture loss attributed to disasters,Nepal,USD,11535686.0
2015,Direct economic loss to cultural heritage damaged or destroyed attributed to disasters,Nepal,USD,87300000.0
2016,Direct economic loss to cultural heritage damaged or destroyed attributed to disasters,Nepal,USD,3185040.0
2017,Direct economic loss to cultural heritage damaged or destroyed attributed to disasters,Nepal,USD,4750000.0
2005,Direct economic loss resulting from damaged or destroyed critical infrastructure attributed to disasters,Nepal,USD,4855062.0
2006,Direct economic loss resulting from damaged or destroyed critical infrastructure attributed to disasters,Nepal,USD,1380.0
2007,Direct economic loss resulting from damaged or destroyed critical infrastructure attributed to disasters,Nepal,USD,1469802.0
2008,Direct economic loss resulting from damaged or destroyed critical infrastructure attributed to disasters,Nepal,USD,6842509.0
2009,Direct economic loss resulting from damaged or destroyed critical infrastructure attributed to disasters,Nepal,USD,4958950.0
2010,Direct economic loss resulting from damaged or destroyed critical infrastructure attributed to disasters,Nepal,USD,1822486.0
2015,Direct economic loss resulting from damaged or destroyed critical infrastructure attributed to disasters,Nepal,USD,593721878.0
2016,Direct economic loss resulting from damaged or destroyed critical infrastructure attributed to disasters,Nepal,USD,16333447.0
2017,Direct economic loss resulting from damaged or destroyed critical infrastructure attributed to disasters,Nepal,USD,221556150.0
2018,Direct economic loss resulting from damaged or destroyed critical infrastructure attributed to disasters,Nepal,USD,6058862.0
2015,Direct economic loss to other damaged or destroyed productive assets attributed to disasters,Nepal,USD,1448898700.0
2005,Direct economic loss attributed to disasters,Nepal,USD,41574343.0
2006,Direct economic loss attributed to disasters,Nepal,USD,117206035.0
2007,Direct economic loss attributed to disasters,Nepal,USD,236833953.0
2008,Direct economic loss attributed to disasters,Nepal,USD,438411784.0
2009,Direct economic loss attributed to disasters,Nepal,USD,168002332.0
2010,Direct economic loss attributed to disasters,Nepal,USD,299374971.0
2011,Direct economic loss attributed to disasters,Nepal,USD,37948950.0
2012,Direct economic loss attributed to disasters,Nepal,USD,104036400.0
2013,Direct economic loss attributed to disasters,Nepal,USD,59395050.0
2014,Direct economic loss attributed to disasters,Nepal,USD,381645412.0
2015,Direct economic loss attributed to disasters,Nepal,USD,22558608924.0
2016,Direct economic loss attributed to disasters,Nepal,USD,1341650372.0
2017,Direct economic loss attributed to disasters,Nepal,USD,3078776992.0
2018,Direct economic loss attributed to disasters,Nepal,USD,21485688.0
2019,Direct economic loss attributed to disasters,Nepal,USD,27742276.0
2005,"Direct economic loss in the housing sector attributed to disasters, by hazard type (millions of current United States dollars)",Nepal,USD,36584625.0
2006,"Direct economic loss in the housing sector attributed to disasters, by hazard type (millions of current United States dollars)",Nepal,USD,93670500.0
2007,"Direct economic loss in the housing sector attributed to disasters, by hazard type (millions of current United States dollars)",Nepal,USD,228373125.0
2008,"Direct economic loss in the housing sector attributed to disasters, by hazard type (millions of current United States dollars)",Nepal,USD,391704375.0
2009,"Direct economic loss in the housing sector attributed to disasters, by hazard type (millions of current United States dollars)",Nepal,USD,140482312.0
2010,"Direct economic loss in the housing sector attributed to disasters, by hazard type (millions of current United States dollars)",Nepal,USD,289118700.0
2011,"Direct economic loss in the housing sector attributed to disasters, by hazard type (millions of current United States dollars)",Nepal,USD,37948950.0
2012,"Direct economic loss in the housing sector attributed to disasters, by hazard type (millions of current United States dollars)",Nepal,USD,104036400.0
2013,"Direct economic loss in the housing sector attributed to disasters, by hazard type (millions of current United States dollars)",Nepal,USD,59395050.0
2014,"Direct economic loss in the housing sector attributed to disasters, by hazard type (millions of current United States dollars)",Nepal,USD,381645412.0
2015,"Direct economic loss in the housing sector attributed to disasters, by hazard type (millions of current United States dollars)",Nepal,USD,20074296712.0
2016,"Direct economic loss in the housing sector attributed to disasters, by hazard type (millions of current United States dollars)",Nepal,USD,87988688.0
2017,"Direct economic loss in the housing sector attributed to disasters, by hazard type (millions of current United States dollars)",Nepal,USD,2009451900.0
2018,"Direct economic loss in the housing sector attributed to disasters, by hazard type (millions of current United States dollars)",Nepal,USD,3891140.0
2019,"Direct economic loss in the housing sector attributed to disasters, by hazard type (millions of current United States dollars)",Nepal,USD,27742276.0
2005,Direct economic loss attributed to disasters relative to GDP,Nepal,Percent,0.00507
2006,Direct economic loss attributed to disasters relative to GDP,Nepal,Percent,0.01318
2007,Direct economic loss attributed to disasters relative to GDP,Nepal,Percent,0.02184
2008,Direct economic loss attributed to disasters relative to GDP,Nepal,Percent,0.03785
2009,Direct economic loss attributed to disasters relative to GDP,Nepal,Percent,0.01328
2010,Direct economic loss attributed to disasters relative to GDP,Nepal,Percent,0.01846
2011,Direct economic loss attributed to disasters relative to GDP,Nepal,Percent,0.00209
2012,Direct economic loss attributed to disasters relative to GDP,Nepal,Percent,0.00587
2013,Direct economic loss attributed to disasters relative to GDP,Nepal,Percent,0.00331
2014,Direct economic loss attributed to disasters relative to GDP,Nepal,Percent,0.01905
2015,Direct economic loss attributed to disasters relative to GDP,Nepal,Percent,1.09177
2016,Direct economic loss attributed to disasters relative to GDP,Nepal,Percent,0.06472
2017,Direct economic loss attributed to disasters relative to GDP,Nepal,Percent,0.12264
2018,Direct economic loss attributed to disasters relative to GDP,Nepal,Percent,0.00078
2019,Direct economic loss attributed to disasters relative to GDP,Nepal,Percent,0.00093
