Year,Series,Reference area,Sex,Age,Degree of urbanisation,Income or wealth quantile,Education level,Occupation,Custom Breakdown,COMPOSITE_BREAKDOWN,Disability status,Economic activity,Type of product,Units,Value
2015,Score of adoption and implementation of national DRR strategies in line with the Sendai Framework,,None,None,None,None,None,None,None,None,None,None,None,Index,0.05
2016,Score of adoption and implementation of national DRR strategies in line with the Sendai Framework,,None,None,None,None,None,None,None,None,None,None,None,Index,0.05
2017,Score of adoption and implementation of national DRR strategies in line with the Sendai Framework,,None,None,None,None,None,None,None,None,None,None,None,Index,0.05
2018,Score of adoption and implementation of national DRR strategies in line with the Sendai Framework,,None,None,None,None,None,None,None,None,None,None,None,Index,0.375
2019,Score of adoption and implementation of national DRR strategies in line with the Sendai Framework,,None,None,None,None,None,None,None,None,None,None,None,Index,0.75
