Year,Series,Reference area,Sex,Age,Degree of urbanisation,Income or wealth quantile,Education level,Occupation,Custom Breakdown,COMPOSITE_BREAKDOWN,Disability status,Economic activity,Type of product,Units,Value
2000,"Proportion of total government spending on essential services, education",,None,None,None,None,None,None,None,None,None,None,None,Percent,19.15604
2001,"Proportion of total government spending on essential services, education",,None,None,None,None,None,None,None,None,None,None,None,Percent,21.6562
2002,"Proportion of total government spending on essential services, education",,None,None,None,None,None,None,None,None,None,None,None,Percent,20.44405
2003,"Proportion of total government spending on essential services, education",,None,None,None,None,None,None,None,None,None,None,None,Percent,21.31265
2004,"Proportion of total government spending on essential services, education",,None,None,None,None,None,None,None,None,None,None,None,Percent,21.61336
2005,"Proportion of total government spending on essential services, education",,None,None,None,None,None,None,None,None,None,None,None,Percent,22.29422
2006,"Proportion of total government spending on essential services, education",,None,None,None,None,None,None,None,None,None,None,None,Percent,25.50064
2007,"Proportion of total government spending on essential services, education",,None,None,None,None,None,None,None,None,None,None,None,Percent,21.14614
2008,"Proportion of total government spending on essential services, education",,None,None,None,None,None,None,None,None,None,None,None,Percent,22.23003
2009,"Proportion of total government spending on essential services, education",,None,None,None,None,None,None,None,None,None,None,None,Percent,19.87293
2010,"Proportion of total government spending on essential services, education",,None,None,None,None,None,None,None,None,None,None,None,Percent,16.03235
2011,"Proportion of total government spending on essential services, education",,None,None,None,None,None,None,None,None,None,None,None,Percent,17.98384
2012,"Proportion of total government spending on essential services, education",,None,None,None,None,None,None,None,None,None,None,None,Percent,17.43708
2013,"Proportion of total government spending on essential services, education",,None,None,None,None,None,None,None,None,None,None,None,Percent,17.56964
2014,"Proportion of total government spending on essential services, education",,None,None,None,None,None,None,None,None,None,None,None,Percent,18.28129
2015,"Proportion of total government spending on essential services, education",,None,None,None,None,None,None,None,None,None,None,None,Percent,16.98966
2016,"Proportion of total government spending on essential services, education",,None,None,None,None,None,None,None,None,None,None,None,Percent,19.1285
2017,"Proportion of total government spending on essential services, education",,None,None,None,None,None,None,None,None,None,None,None,Percent,17.09639
2018,"Proportion of total government spending on essential services, education",,None,None,None,None,None,None,None,None,None,None,None,Percent,14.10187
