Year,Series,Reference area,COMPOSITE_BREAKDOWN,Units,Value
2019,"Countries with migration policies to facilitate orderly, safe, regular and responsible migration and mobility of people, by policy domain (1 = Requires further progress; 2 = Partially meets; 3 = Meets; 4 = Fully meets) [10.7.2]",,,Number,2
2019,"Countries with migration policies to facilitate orderly, safe, regular and responsible migration and mobility of people, by policy domain (1 = Requires further progress; 2 = Partially meets; 3 = Meets; 4 = Fully meets) [10.7.2]",,Policy Domain 1. Migrant rights,Number,3
2019,"Countries with migration policies to facilitate orderly, safe, regular and responsible migration and mobility of people, by policy domain (1 = Requires further progress; 2 = Partially meets; 3 = Meets; 4 = Fully meets) [10.7.2]",,Policy Domain 2. Whole-of-government/ Evidence-based policies,Number,2
2019,"Countries with migration policies to facilitate orderly, safe, regular and responsible migration and mobility of people, by policy domain (1 = Requires further progress; 2 = Partially meets; 3 = Meets; 4 = Fully meets) [10.7.2]",,Policy Domain 3. Cooperation and partnerships,Number,2
2019,"Countries with migration policies to facilitate orderly, safe, regular and responsible migration and mobility of people, by policy domain (1 = Requires further progress; 2 = Partially meets; 3 = Meets; 4 = Fully meets) [10.7.2]",,Policy Domain 4. Socioeconomic well-being,Number,3
2019,"Countries with migration policies to facilitate orderly, safe, regular and responsible migration and mobility of people, by policy domain (1 = Requires further progress; 2 = Partially meets; 3 = Meets; 4 = Fully meets) [10.7.2]",,Policy Domain 5. Mobility dimensions of crises,Number,4
2019,"Countries with migration policies to facilitate orderly, safe, regular and responsible migration and mobility of people, by policy domain (1 = Requires further progress; 2 = Partially meets; 3 = Meets; 4 = Fully meets) [10.7.2]",,"Policy Domain 6. Safe, orderly and regular migration",Number,3
