Year,Series,Reference area,Units,Value
1990,Proportion of urban population living in slums [11.1.1],,Percent,70.6
1995,Proportion of urban population living in slums [11.1.1],,Percent,67.3
2000,Proportion of urban population living in slums [11.1.1],,Percent,64.0
2005,Proportion of urban population living in slums [11.1.1],,Percent,60.7
2010,Proportion of urban population living in slums [11.1.1],,Percent,58.1
2014,Proportion of urban population living in slums [11.1.1],,Percent,54.3
2016,Proportion of urban population living in slums [11.1.1],,Percent,51.0
2018,Proportion of urban population living in slums [11.1.1],,Percent,49.3
