Year,Series,Reference area,Sex,Age,Degree of urbanisation,Income or wealth quantile,Education level,Occupation,Custom Breakdown,COMPOSITE_BREAKDOWN,Disability status,Economic activity,Type of product,Units,Value
1990,Proportion of urban population living in slums,,None,None,None,None,None,None,None,None,None,None,None,Percent,70.6
1995,Proportion of urban population living in slums,,None,None,None,None,None,None,None,None,None,None,None,Percent,67.3
2000,Proportion of urban population living in slums,,None,None,None,None,None,None,None,None,None,None,None,Percent,64.0
2005,Proportion of urban population living in slums,,None,None,None,None,None,None,None,None,None,None,None,Percent,60.7
2010,Proportion of urban population living in slums,,None,None,None,None,None,None,None,None,None,None,None,Percent,58.1
2014,Proportion of urban population living in slums,,None,None,None,None,None,None,None,None,None,None,None,Percent,54.3
2016,Proportion of urban population living in slums,,None,None,None,None,None,None,None,None,None,None,None,Percent,51.0
2018,Proportion of urban population living in slums,,None,None,None,None,None,None,None,None,None,None,None,Percent,49.3
