Year,SDG Series,Unit of measure,Value
1990,Proportion of urban population living in slums,Percent,70.6
1995,Proportion of urban population living in slums,Percent,67.3
2000,Proportion of urban population living in slums,Percent,64.0
2005,Proportion of urban population living in slums,Percent,60.7
2010,Proportion of urban population living in slums,Percent,58.1
2014,Proportion of urban population living in slums,Percent,54.3
2016,Proportion of urban population living in slums,Percent,51.0
2018,Proportion of urban population living in slums,Percent,49.3
