Year,Series,Reference area,Units,Value
2015,Compliance with the Basel Convention on hazardous waste and other chemicals,,Percent,50.0
2020,Compliance with the Basel Convention on hazardous waste and other chemicals,,Percent,20.0
2015,Compliance with the Montreal Protocol on hazardous waste and other chemicals,,Percent,100.0
2020,Compliance with the Montreal Protocol on hazardous waste and other chemicals,,Percent,100.0
2015,Compliance with the Rotterdam Convention on hazardous waste and other chemicals,,Percent,31.37
2020,Compliance with the Rotterdam Convention on hazardous waste and other chemicals,,Percent,68.97
2015,Compliance with the Stockholm Convention on hazardous waste and other chemicals,,Percent,66.67
2020,Compliance with the Stockholm Convention on hazardous waste and other chemicals,,Percent,62.5
