Year,Series,Reference area,COMPOSITE_BREAKDOWN,Units,Value
2001,Municipal waste collected (Tonnes) [12.4.2],,,Metric Tons,418000.0
2002,Municipal waste collected (Tonnes) [12.4.2],,,Metric Tons,418399.9939
2012,Municipal waste collected (Tonnes) [12.4.2],,,Metric Tons,1281.78001
2012,Municipal waste generated (Tonnes) [12.4.2],,,Metric Tons,1434.99994
2012,"Municipal waste recycled (Tonnes) [12.4.2,12.5.1]",,,Metric Tons,256.356
2012,"Municipal waste treated, by type of treatment (%) [12.4.2]",,Waste treatment: Landfilling,Percent,80.0
