Year,SDG Series,Unit of measure,Value
2000,"Installed renewable electricity-generating capacity (watts per capita) [7.b.1, 12.a.1]",W_PER_CAPITA,11.762
2001,"Installed renewable electricity-generating capacity (watts per capita) [7.b.1, 12.a.1]",W_PER_CAPITA,16.537
2002,"Installed renewable electricity-generating capacity (watts per capita) [7.b.1, 12.a.1]",W_PER_CAPITA,16.528
2003,"Installed renewable electricity-generating capacity (watts per capita) [7.b.1, 12.a.1]",W_PER_CAPITA,22.388
2004,"Installed renewable electricity-generating capacity (watts per capita) [7.b.1, 12.a.1]",W_PER_CAPITA,22.49
2005,"Installed renewable electricity-generating capacity (watts per capita) [7.b.1, 12.a.1]",W_PER_CAPITA,22.352
2006,"Installed renewable electricity-generating capacity (watts per capita) [7.b.1, 12.a.1]",W_PER_CAPITA,22.225
2007,"Installed renewable electricity-generating capacity (watts per capita) [7.b.1, 12.a.1]",W_PER_CAPITA,22.183
2008,"Installed renewable electricity-generating capacity (watts per capita) [7.b.1, 12.a.1]",W_PER_CAPITA,22.299
2009,"Installed renewable electricity-generating capacity (watts per capita) [7.b.1, 12.a.1]",W_PER_CAPITA,25.718
2010,"Installed renewable electricity-generating capacity (watts per capita) [7.b.1, 12.a.1]",W_PER_CAPITA,25.979
2011,"Installed renewable electricity-generating capacity (watts per capita) [7.b.1, 12.a.1]",W_PER_CAPITA,26.362
2012,"Installed renewable electricity-generating capacity (watts per capita) [7.b.1, 12.a.1]",W_PER_CAPITA,26.618
2013,"Installed renewable electricity-generating capacity (watts per capita) [7.b.1, 12.a.1]",W_PER_CAPITA,28.038
2014,"Installed renewable electricity-generating capacity (watts per capita) [7.b.1, 12.a.1]",W_PER_CAPITA,28.657
2015,"Installed renewable electricity-generating capacity (watts per capita) [7.b.1, 12.a.1]",W_PER_CAPITA,30.614
2016,"Installed renewable electricity-generating capacity (watts per capita) [7.b.1, 12.a.1]",W_PER_CAPITA,31.09
2017,"Installed renewable electricity-generating capacity (watts per capita) [7.b.1, 12.a.1]",W_PER_CAPITA,35.951
2018,"Installed renewable electricity-generating capacity (watts per capita) [7.b.1, 12.a.1]",W_PER_CAPITA,39.676
