Year,Series,Reference area,Units,Value
2008,Implementation of standard accounting tools to monitor the economic and environmental aspects of tourism (SEEA tables) [12.b.1],,Number,0
2009,Implementation of standard accounting tools to monitor the economic and environmental aspects of tourism (SEEA tables) [12.b.1],,Number,0
2010,Implementation of standard accounting tools to monitor the economic and environmental aspects of tourism (SEEA tables) [12.b.1],,Number,0
2011,Implementation of standard accounting tools to monitor the economic and environmental aspects of tourism (SEEA tables) [12.b.1],,Number,0
2012,Implementation of standard accounting tools to monitor the economic and environmental aspects of tourism (SEEA tables) [12.b.1],,Number,0
2013,Implementation of standard accounting tools to monitor the economic and environmental aspects of tourism (SEEA tables) [12.b.1],,Number,0
2014,Implementation of standard accounting tools to monitor the economic and environmental aspects of tourism (SEEA tables) [12.b.1],,Number,0
2015,Implementation of standard accounting tools to monitor the economic and environmental aspects of tourism (SEEA tables) [12.b.1],,Number,0
2016,Implementation of standard accounting tools to monitor the economic and environmental aspects of tourism (SEEA tables) [12.b.1],,Number,0
2017,Implementation of standard accounting tools to monitor the economic and environmental aspects of tourism (SEEA tables) [12.b.1],,Number,0
2018,Implementation of standard accounting tools to monitor the economic and environmental aspects of tourism (SEEA tables) [12.b.1],,Number,0
2019,Implementation of standard accounting tools to monitor the economic and environmental aspects of tourism (SEEA tables) [12.b.1],,Number,0
2008,Implementation of standard accounting tools to monitor the economic and environmental aspects of tourism (Tourism Satellite Account tables) [12.b.1],,Number,0
2009,Implementation of standard accounting tools to monitor the economic and environmental aspects of tourism (Tourism Satellite Account tables) [12.b.1],,Number,0
2010,Implementation of standard accounting tools to monitor the economic and environmental aspects of tourism (Tourism Satellite Account tables) [12.b.1],,Number,0
2011,Implementation of standard accounting tools to monitor the economic and environmental aspects of tourism (Tourism Satellite Account tables) [12.b.1],,Number,0
2012,Implementation of standard accounting tools to monitor the economic and environmental aspects of tourism (Tourism Satellite Account tables) [12.b.1],,Number,0
2013,Implementation of standard accounting tools to monitor the economic and environmental aspects of tourism (Tourism Satellite Account tables) [12.b.1],,Number,0
2014,Implementation of standard accounting tools to monitor the economic and environmental aspects of tourism (Tourism Satellite Account tables) [12.b.1],,Number,0
2015,Implementation of standard accounting tools to monitor the economic and environmental aspects of tourism (Tourism Satellite Account tables) [12.b.1],,Number,0
2016,Implementation of standard accounting tools to monitor the economic and environmental aspects of tourism (Tourism Satellite Account tables) [12.b.1],,Number,0
2017,Implementation of standard accounting tools to monitor the economic and environmental aspects of tourism (Tourism Satellite Account tables) [12.b.1],,Number,0
2018,Implementation of standard accounting tools to monitor the economic and environmental aspects of tourism (Tourism Satellite Account tables) [12.b.1],,Number,0
2019,Implementation of standard accounting tools to monitor the economic and environmental aspects of tourism (Tourism Satellite Account tables) [12.b.1],,Number,0
2008,Implementation of standard accounting tools to monitor the economic and environmental aspects of tourism (Total number of tables) [12.b.1],,Number,0
2009,Implementation of standard accounting tools to monitor the economic and environmental aspects of tourism (Total number of tables) [12.b.1],,Number,0
2010,Implementation of standard accounting tools to monitor the economic and environmental aspects of tourism (Total number of tables) [12.b.1],,Number,0
2011,Implementation of standard accounting tools to monitor the economic and environmental aspects of tourism (Total number of tables) [12.b.1],,Number,0
2012,Implementation of standard accounting tools to monitor the economic and environmental aspects of tourism (Total number of tables) [12.b.1],,Number,0
2013,Implementation of standard accounting tools to monitor the economic and environmental aspects of tourism (Total number of tables) [12.b.1],,Number,0
2014,Implementation of standard accounting tools to monitor the economic and environmental aspects of tourism (Total number of tables) [12.b.1],,Number,0
2015,Implementation of standard accounting tools to monitor the economic and environmental aspects of tourism (Total number of tables) [12.b.1],,Number,0
2016,Implementation of standard accounting tools to monitor the economic and environmental aspects of tourism (Total number of tables) [12.b.1],,Number,0
2017,Implementation of standard accounting tools to monitor the economic and environmental aspects of tourism (Total number of tables) [12.b.1],,Number,0
2018,Implementation of standard accounting tools to monitor the economic and environmental aspects of tourism (Total number of tables) [12.b.1],,Number,0
2019,Implementation of standard accounting tools to monitor the economic and environmental aspects of tourism (Total number of tables) [12.b.1],,Number,0
