Year,Observation status,Unit multiplier,SERIES,Reference area,UNIT_MEASURE,Value
2014,Normal value,Units,Proportion of children under 5 years of age whose births have been registered with a civil authority [16.9.1],,Percent,58.1
2019,Normal value,Units,Proportion of children under 5 years of age whose births have been registered with a civil authority [16.9.1],,Percent,77.2
2019,Normal value,Units,Proportion of children under 5 years of age whose births have been registered with a civil authority [16.9.1],Province 1,Percent,78.4
2019,Normal value,Units,Proportion of children under 5 years of age whose births have been registered with a civil authority [16.9.1],Province 2,Percent,76.1
2019,Normal value,Units,Proportion of children under 5 years of age whose births have been registered with a civil authority [16.9.1],Bagmati,Percent,70.8
2019,Normal value,Units,Proportion of children under 5 years of age whose births have been registered with a civil authority [16.9.1],Gandaki,Percent,73.8
2019,Normal value,Units,Proportion of children under 5 years of age whose births have been registered with a civil authority [16.9.1],Lumbini,Percent,76.7
2019,Normal value,Units,Proportion of children under 5 years of age whose births have been registered with a civil authority [16.9.1],Karnali,Percent,84.4
2019,Normal value,Units,Proportion of children under 5 years of age whose births have been registered with a civil authority [16.9.1],Sudurpashchim,Percent,89.1
