Year,Series,Reference area,Sex,Age,Degree of urbanisation,Income or wealth quantile,Education level,Occupation,Custom Breakdown,COMPOSITE_BREAKDOWN,Disability status,Economic activity,Type of product,Units,Value
2005,"Countries with National Human Rights Institutions in compliance with the Paris Principles, A status (1 = YES; 0 = NO)",,None,None,None,None,None,None,None,None,None,None,None,Number,1
2010,"Countries with National Human Rights Institutions in compliance with the Paris Principles, A status (1 = YES; 0 = NO)",,None,None,None,None,None,None,None,None,None,None,None,Number,1
2015,"Countries with National Human Rights Institutions in compliance with the Paris Principles, A status (1 = YES; 0 = NO)",,None,None,None,None,None,None,None,None,None,None,None,Number,1
2016,"Countries with National Human Rights Institutions in compliance with the Paris Principles, A status (1 = YES; 0 = NO)",,None,None,None,None,None,None,None,None,None,None,None,Number,1
2017,"Countries with National Human Rights Institutions in compliance with the Paris Principles, A status (1 = YES; 0 = NO)",,None,None,None,None,None,None,None,None,None,None,None,Number,1
2018,"Countries with National Human Rights Institutions in compliance with the Paris Principles, A status (1 = YES; 0 = NO)",,None,None,None,None,None,None,None,None,None,None,None,Number,1
2019,"Countries with National Human Rights Institutions in compliance with the Paris Principles, A status (1 = YES; 0 = NO)",,None,None,None,None,None,None,None,None,None,None,None,Number,1
2000,"Countries with no application for accreditation with the Paris Principles, D status  (1 = YES; 0 = NO)",,None,None,None,None,None,None,None,None,None,None,None,Number,1
