Year,Series,Reference area,Units,Value
2005,"Countries with National Human Rights Institutions in compliance with the Paris Principles, A status (1 = YES; 0 = NO)",Nepal,Number,1
2010,"Countries with National Human Rights Institutions in compliance with the Paris Principles, A status (1 = YES; 0 = NO)",Nepal,Number,1
2015,"Countries with National Human Rights Institutions in compliance with the Paris Principles, A status (1 = YES; 0 = NO)",Nepal,Number,1
2016,"Countries with National Human Rights Institutions in compliance with the Paris Principles, A status (1 = YES; 0 = NO)",Nepal,Number,1
2017,"Countries with National Human Rights Institutions in compliance with the Paris Principles, A status (1 = YES; 0 = NO)",Nepal,Number,1
2018,"Countries with National Human Rights Institutions in compliance with the Paris Principles, A status (1 = YES; 0 = NO)",Nepal,Number,1
2019,"Countries with National Human Rights Institutions in compliance with the Paris Principles, A status (1 = YES; 0 = NO)",Nepal,Number,1
2000,"Countries with no application for accreditation with the Paris Principles, D status  (1 = YES; 0 = NO)",Nepal,Number,1
