Year,Series,Reference area,Units,Value
2000,Proportion of domestic budget funded by domestic taxes [17.1.2],,Percent,54.5317
2001,Proportion of domestic budget funded by domestic taxes [17.1.2],,Percent,52.58778
2002,Proportion of domestic budget funded by domestic taxes [17.1.2],,Percent,53.58885
2003,Proportion of domestic budget funded by domestic taxes [17.1.2],,Percent,57.37541
2004,Proportion of domestic budget funded by domestic taxes [17.1.2],,Percent,61.48774
2005,Proportion of domestic budget funded by domestic taxes [17.1.2],,Percent,60.94152
2006,Proportion of domestic budget funded by domestic taxes [17.1.2],,Percent,60.52527
2007,Proportion of domestic budget funded by domestic taxes [17.1.2],,Percent,60.99772
2008,Proportion of domestic budget funded by domestic taxes [17.1.2],,Percent,61.76374
2009,Proportion of domestic budget funded by domestic taxes [17.1.2],,Percent,58.6126
2010,Proportion of domestic budget funded by domestic taxes [17.1.2],,Percent,68.68619
2011,Proportion of domestic budget funded by domestic taxes [17.1.2],,Percent,67.99083
2012,Proportion of domestic budget funded by domestic taxes [17.1.2],,Percent,71.86313
2013,Proportion of domestic budget funded by domestic taxes [17.1.2],,Percent,85.93593
2014,Proportion of domestic budget funded by domestic taxes [17.1.2],,Percent,84.50524
2015,Proportion of domestic budget funded by domestic taxes [17.1.2],,Percent,83.26422
2016,Proportion of domestic budget funded by domestic taxes [17.1.2],,Percent,85.34704
2017,Proportion of domestic budget funded by domestic taxes [17.1.2],,Percent,76.147
2018,Proportion of domestic budget funded by domestic taxes [17.1.2],,Percent,68.15524
2019,Proportion of domestic budget funded by domestic taxes [17.1.2],,Percent,78.7148
