Year,Series,Reference area,Sex,Age,Degree of urbanisation,Income or wealth quantile,Education level,Occupation,Custom Breakdown,COMPOSITE_BREAKDOWN,Disability status,Economic activity,Type of product,Units,Value
2015,Countries with birth registration data that are at least 90 percent complete (1 = YES; 0 = NO),,None,None,None,None,None,None,None,None,None,None,None,Number,0
2016,Countries with birth registration data that are at least 90 percent complete (1 = YES; 0 = NO),,None,None,None,None,None,None,None,None,None,None,None,Number,0
2017,Countries with birth registration data that are at least 90 percent complete (1 = YES; 0 = NO),,None,None,None,None,None,None,None,None,None,None,None,Number,0
2018,Countries with birth registration data that are at least 90 percent complete (1 = YES; 0 = NO),,None,None,None,None,None,None,None,None,None,None,None,Number,0
2011,Countries that have conducted at least one population and housing census in the last 10 years (1 = YES; 0 = NO),,None,None,None,None,None,None,None,None,None,None,None,Number,1
2015,Countries with death registration data that are at least 75 percent complete (1 = YES; 0 = NO),,None,None,None,None,None,None,None,None,None,None,None,Number,0
2016,Countries with death registration data that are at least 75 percent complete (1 = YES; 0 = NO),,None,None,None,None,None,None,None,None,None,None,None,Number,0
2017,Countries with death registration data that are at least 75 percent complete (1 = YES; 0 = NO),,None,None,None,None,None,None,None,None,None,None,None,Number,0
2018,Countries with death registration data that are at least 75 percent complete (1 = YES; 0 = NO),,None,None,None,None,None,None,None,None,None,None,None,Number,0
