Year,Series,Reference area,Units,Value
1990,Debt service as a proportion of exports of goods and services,Nepal,Percent,14.53116
1991,Debt service as a proportion of exports of goods and services,Nepal,Percent,11.17499
1992,Debt service as a proportion of exports of goods and services,Nepal,Percent,9.18233
1993,Debt service as a proportion of exports of goods and services,Nepal,Percent,8.61512
1994,Debt service as a proportion of exports of goods and services,Nepal,Percent,7.81449
1995,Debt service as a proportion of exports of goods and services,Nepal,Percent,7.68718
1996,Debt service as a proportion of exports of goods and services,Nepal,Percent,6.52582
1997,Debt service as a proportion of exports of goods and services,Nepal,Percent,6.93006
1998,Debt service as a proportion of exports of goods and services,Nepal,Percent,7.93733
1999,Debt service as a proportion of exports of goods and services,Nepal,Percent,7.99309
2000,Debt service as a proportion of exports of goods and services,Nepal,Percent,7.39416
2001,Debt service as a proportion of exports of goods and services,Nepal,Percent,7.70669
2002,Debt service as a proportion of exports of goods and services,Nepal,Percent,10.20136
2003,Debt service as a proportion of exports of goods and services,Nepal,Percent,10.04593
2004,Debt service as a proportion of exports of goods and services,Nepal,Percent,8.97048
2005,Debt service as a proportion of exports of goods and services,Nepal,Percent,8.18599
2006,Debt service as a proportion of exports of goods and services,Nepal,Percent,9.68741
2007,Debt service as a proportion of exports of goods and services,Nepal,Percent,8.61938
2008,Debt service as a proportion of exports of goods and services,Nepal,Percent,8.27386
2009,Debt service as a proportion of exports of goods and services,Nepal,Percent,9.97659
2010,Debt service as a proportion of exports of goods and services,Nepal,Percent,10.41391
2011,Debt service as a proportion of exports of goods and services,Nepal,Percent,8.9984
2012,Debt service as a proportion of exports of goods and services,Nepal,Percent,10.03123
2013,Debt service as a proportion of exports of goods and services,Nepal,Percent,8.58646
2014,Debt service as a proportion of exports of goods and services,Nepal,Percent,7.84996
2015,Debt service as a proportion of exports of goods and services,Nepal,Percent,7.89666
2016,Debt service as a proportion of exports of goods and services,Nepal,Percent,8.67174
2017,Debt service as a proportion of exports of goods and services,Nepal,Percent,7.38106
