Year,Series,Reference area,Sex,Age,Degree of urbanisation,Income or wealth quantile,Education level,Occupation,Custom Breakdown,COMPOSITE_BREAKDOWN,Disability status,Economic activity,Type of product,Units,Value
2015,Indicator of Food Price Anomalies (IFPA),,None,None,None,None,None,None,None,None,None,None,Wheat,Index,-0.2
2016,Indicator of Food Price Anomalies (IFPA),,None,None,None,None,None,None,None,None,None,None,Wheat,Index,-0.9
2015,Indicator of Food Price Anomalies (IFPA),,None,None,None,None,None,None,None,None,None,None,Rice,Index,-0.1
2016,Indicator of Food Price Anomalies (IFPA),,None,None,None,None,None,None,None,None,None,None,Rice,Index,0.0
