Year,SDG Series,Unit of measure,Value
1991,Proportion of births attended by skilled health personnel,Percent,7.4
1996,Proportion of births attended by skilled health personnel,Percent,9.0
2000,Proportion of births attended by skilled health personnel,Percent,11.9
2001,Proportion of births attended by skilled health personnel,Percent,10.9
2006,Proportion of births attended by skilled health personnel,Percent,18.7
2011,Proportion of births attended by skilled health personnel,Percent,36.0
2014,Proportion of births attended by skilled health personnel,Percent,55.6
2016,Proportion of births attended by skilled health personnel,Percent,58.0
