Year,Series,Reference area,Units,Value
2000,Proportion of births attended by skilled health personnel [3.1.2],,Percent,11.9
2001,Proportion of births attended by skilled health personnel [3.1.2],,Percent,10.9
2006,Proportion of births attended by skilled health personnel [3.1.2],,Percent,18.7
2011,Proportion of births attended by skilled health personnel [3.1.2],,Percent,36.0
2014,Proportion of births attended by skilled health personnel [3.1.2],,Percent,55.6
2016,Proportion of births attended by skilled health personnel [3.1.2],,Percent,58.0
2019,Proportion of births attended by skilled health personnel [3.1.2],,Percent,77.2
