Year,Observation status,Unit multiplier,SERIES,Reference area,UNIT_MEASURE,Value
2014,Normal value,Units,Under-five mortality rate [3.2.1],,Percent,38
2019,Normal value,Units,Under-five mortality rate [3.2.1],,Percent,28
2019,Normal value,Units,Under-five mortality rate [3.2.1],Province 1,Percent,32
2019,Normal value,Units,Under-five mortality rate [3.2.1],Province 2,Percent,19
2019,Normal value,Units,Under-five mortality rate [3.2.1],Bagmati,Percent,19
2019,Normal value,Units,Under-five mortality rate [3.2.1],Gandaki,Percent,30
2019,Normal value,Units,Under-five mortality rate [3.2.1],Lumbini,Percent,40
2019,Normal value,Units,Under-five mortality rate [3.2.1],Karnali,Percent,30
2019,Normal value,Units,Under-five mortality rate [3.2.1],Sudurpashchim,Percent,39
