Year,Series,Reference area,Sex,Age,Units,Value
2000,SH_HIV_INCD,,,,PER_1000_UNINFECTED_POP,0.19
2001,SH_HIV_INCD,,,,PER_1000_UNINFECTED_POP,0.18
2002,SH_HIV_INCD,,,,PER_1000_UNINFECTED_POP,0.18
2003,SH_HIV_INCD,,,,PER_1000_UNINFECTED_POP,0.17
2004,SH_HIV_INCD,,,,PER_1000_UNINFECTED_POP,0.16
2005,SH_HIV_INCD,,,,PER_1000_UNINFECTED_POP,0.15
2006,SH_HIV_INCD,,,,PER_1000_UNINFECTED_POP,0.13
2007,SH_HIV_INCD,,,,PER_1000_UNINFECTED_POP,0.11
2008,SH_HIV_INCD,,,,PER_1000_UNINFECTED_POP,0.1
2009,SH_HIV_INCD,,,,PER_1000_UNINFECTED_POP,0.09
2010,SH_HIV_INCD,,,,PER_1000_UNINFECTED_POP,0.08
2011,SH_HIV_INCD,,,,PER_1000_UNINFECTED_POP,0.07
2012,SH_HIV_INCD,,,,PER_1000_UNINFECTED_POP,0.06
2013,SH_HIV_INCD,,,,PER_1000_UNINFECTED_POP,0.05
2014,SH_HIV_INCD,,,,PER_1000_UNINFECTED_POP,0.05
2015,SH_HIV_INCD,,,,PER_1000_UNINFECTED_POP,0.04
2016,SH_HIV_INCD,,,,PER_1000_UNINFECTED_POP,0.04
2017,SH_HIV_INCD,,,,PER_1000_UNINFECTED_POP,0.03
2018,SH_HIV_INCD,,,,PER_1000_UNINFECTED_POP,0.03
2000,SH_HIV_INCD,,,50 years old and over,PER_1000_UNINFECTED_POP,0.1
2001,SH_HIV_INCD,,,50 years old and over,PER_1000_UNINFECTED_POP,0.09
2002,SH_HIV_INCD,,,50 years old and over,PER_1000_UNINFECTED_POP,0.09
2003,SH_HIV_INCD,,,50 years old and over,PER_1000_UNINFECTED_POP,0.08
2004,SH_HIV_INCD,,,50 years old and over,PER_1000_UNINFECTED_POP,0.07
2005,SH_HIV_INCD,,,50 years old and over,PER_1000_UNINFECTED_POP,0.07
2006,SH_HIV_INCD,,,50 years old and over,PER_1000_UNINFECTED_POP,0.06
2007,SH_HIV_INCD,,,50 years old and over,PER_1000_UNINFECTED_POP,0.05
2008,SH_HIV_INCD,,,50 years old and over,PER_1000_UNINFECTED_POP,0.04
2009,SH_HIV_INCD,,,50 years old and over,PER_1000_UNINFECTED_POP,0.04
2010,SH_HIV_INCD,,,50 years old and over,PER_1000_UNINFECTED_POP,0.03
2011,SH_HIV_INCD,,,50 years old and over,PER_1000_UNINFECTED_POP,0.03
2012,SH_HIV_INCD,,,50 years old and over,PER_1000_UNINFECTED_POP,0.02
2013,SH_HIV_INCD,,,50 years old and over,PER_1000_UNINFECTED_POP,0.02
2014,SH_HIV_INCD,,,50 years old and over,PER_1000_UNINFECTED_POP,0.02
2015,SH_HIV_INCD,,,50 years old and over,PER_1000_UNINFECTED_POP,0.02
2016,SH_HIV_INCD,,,50 years old and over,PER_1000_UNINFECTED_POP,0.02
2017,SH_HIV_INCD,,,50 years old and over,PER_1000_UNINFECTED_POP,0.01
2018,SH_HIV_INCD,,,50 years old and over,PER_1000_UNINFECTED_POP,0.01
2000,SH_HIV_INCD,,,under 15 years old,PER_1000_UNINFECTED_POP,0.02
2001,SH_HIV_INCD,,,under 15 years old,PER_1000_UNINFECTED_POP,0.02
2002,SH_HIV_INCD,,,under 15 years old,PER_1000_UNINFECTED_POP,0.03
2003,SH_HIV_INCD,,,under 15 years old,PER_1000_UNINFECTED_POP,0.03
2004,SH_HIV_INCD,,,under 15 years old,PER_1000_UNINFECTED_POP,0.03
2005,SH_HIV_INCD,,,under 15 years old,PER_1000_UNINFECTED_POP,0.03
2006,SH_HIV_INCD,,,under 15 years old,PER_1000_UNINFECTED_POP,0.03
2007,SH_HIV_INCD,,,under 15 years old,PER_1000_UNINFECTED_POP,0.03
2008,SH_HIV_INCD,,,under 15 years old,PER_1000_UNINFECTED_POP,0.03
2009,SH_HIV_INCD,,,under 15 years old,PER_1000_UNINFECTED_POP,0.02
2010,SH_HIV_INCD,,,under 15 years old,PER_1000_UNINFECTED_POP,0.02
2011,SH_HIV_INCD,,,under 15 years old,PER_1000_UNINFECTED_POP,0.02
2012,SH_HIV_INCD,,,under 15 years old,PER_1000_UNINFECTED_POP,0.02
2013,SH_HIV_INCD,,,under 15 years old,PER_1000_UNINFECTED_POP,0.02
2014,SH_HIV_INCD,,,under 15 years old,PER_1000_UNINFECTED_POP,0.01
2015,SH_HIV_INCD,,,under 15 years old,PER_1000_UNINFECTED_POP,0.01
2016,SH_HIV_INCD,,,under 15 years old,PER_1000_UNINFECTED_POP,0.01
2017,SH_HIV_INCD,,,under 15 years old,PER_1000_UNINFECTED_POP,0.01
2018,SH_HIV_INCD,,,under 15 years old,PER_1000_UNINFECTED_POP,0.01
2000,SH_HIV_INCD,,,15 to 24 years old,PER_1000_UNINFECTED_POP,0.21
2001,SH_HIV_INCD,,,15 to 24 years old,PER_1000_UNINFECTED_POP,0.2
2002,SH_HIV_INCD,,,15 to 24 years old,PER_1000_UNINFECTED_POP,0.19
2003,SH_HIV_INCD,,,15 to 24 years old,PER_1000_UNINFECTED_POP,0.19
2004,SH_HIV_INCD,,,15 to 24 years old,PER_1000_UNINFECTED_POP,0.18
2005,SH_HIV_INCD,,,15 to 24 years old,PER_1000_UNINFECTED_POP,0.17
2006,SH_HIV_INCD,,,15 to 24 years old,PER_1000_UNINFECTED_POP,0.15
2007,SH_HIV_INCD,,,15 to 24 years old,PER_1000_UNINFECTED_POP,0.13
2008,SH_HIV_INCD,,,15 to 24 years old,PER_1000_UNINFECTED_POP,0.11
2009,SH_HIV_INCD,,,15 to 24 years old,PER_1000_UNINFECTED_POP,0.1
2010,SH_HIV_INCD,,,15 to 24 years old,PER_1000_UNINFECTED_POP,0.09
2011,SH_HIV_INCD,,,15 to 24 years old,PER_1000_UNINFECTED_POP,0.08
2012,SH_HIV_INCD,,,15 to 24 years old,PER_1000_UNINFECTED_POP,0.07
2013,SH_HIV_INCD,,,15 to 24 years old,PER_1000_UNINFECTED_POP,0.06
2014,SH_HIV_INCD,,,15 to 24 years old,PER_1000_UNINFECTED_POP,0.05
2015,SH_HIV_INCD,,,15 to 24 years old,PER_1000_UNINFECTED_POP,0.05
2016,SH_HIV_INCD,,,15 to 24 years old,PER_1000_UNINFECTED_POP,0.04
2017,SH_HIV_INCD,,,15 to 24 years old,PER_1000_UNINFECTED_POP,0.04
2018,SH_HIV_INCD,,,15 to 24 years old,PER_1000_UNINFECTED_POP,0.03
2000,SH_HIV_INCD,,,15 to 49 years old,PER_1000_UNINFECTED_POP,0.37
2001,SH_HIV_INCD,,,15 to 49 years old,PER_1000_UNINFECTED_POP,0.34
2002,SH_HIV_INCD,,,15 to 49 years old,PER_1000_UNINFECTED_POP,0.33
2003,SH_HIV_INCD,,,15 to 49 years old,PER_1000_UNINFECTED_POP,0.32
2004,SH_HIV_INCD,,,15 to 49 years old,PER_1000_UNINFECTED_POP,0.29
2005,SH_HIV_INCD,,,15 to 49 years old,PER_1000_UNINFECTED_POP,0.27
2006,SH_HIV_INCD,,,15 to 49 years old,PER_1000_UNINFECTED_POP,0.24
2007,SH_HIV_INCD,,,15 to 49 years old,PER_1000_UNINFECTED_POP,0.2
2008,SH_HIV_INCD,,,15 to 49 years old,PER_1000_UNINFECTED_POP,0.18
2009,SH_HIV_INCD,,,15 to 49 years old,PER_1000_UNINFECTED_POP,0.16
2010,SH_HIV_INCD,,,15 to 49 years old,PER_1000_UNINFECTED_POP,0.14
2011,SH_HIV_INCD,,,15 to 49 years old,PER_1000_UNINFECTED_POP,0.12
2012,SH_HIV_INCD,,,15 to 49 years old,PER_1000_UNINFECTED_POP,0.1
2013,SH_HIV_INCD,,,15 to 49 years old,PER_1000_UNINFECTED_POP,0.09
2014,SH_HIV_INCD,,,15 to 49 years old,PER_1000_UNINFECTED_POP,0.08
2015,SH_HIV_INCD,,,15 to 49 years old,PER_1000_UNINFECTED_POP,0.07
2016,SH_HIV_INCD,,,15 to 49 years old,PER_1000_UNINFECTED_POP,0.06
2017,SH_HIV_INCD,,,15 to 49 years old,PER_1000_UNINFECTED_POP,0.06
2018,SH_HIV_INCD,,,15 to 49 years old,PER_1000_UNINFECTED_POP,0.05
2000,SH_HIV_INCD,,Female,,PER_1000_UNINFECTED_POP,0.08
2001,SH_HIV_INCD,,Female,,PER_1000_UNINFECTED_POP,0.1
2002,SH_HIV_INCD,,Female,,PER_1000_UNINFECTED_POP,0.1
2003,SH_HIV_INCD,,Female,,PER_1000_UNINFECTED_POP,0.1
2004,SH_HIV_INCD,,Female,,PER_1000_UNINFECTED_POP,0.1
2005,SH_HIV_INCD,,Female,,PER_1000_UNINFECTED_POP,0.11
2006,SH_HIV_INCD,,Female,,PER_1000_UNINFECTED_POP,0.11
2007,SH_HIV_INCD,,Female,,PER_1000_UNINFECTED_POP,0.09
2008,SH_HIV_INCD,,Female,,PER_1000_UNINFECTED_POP,0.08
2009,SH_HIV_INCD,,Female,,PER_1000_UNINFECTED_POP,0.08
2010,SH_HIV_INCD,,Female,,PER_1000_UNINFECTED_POP,0.07
2011,SH_HIV_INCD,,Female,,PER_1000_UNINFECTED_POP,0.06
2012,SH_HIV_INCD,,Female,,PER_1000_UNINFECTED_POP,0.05
2013,SH_HIV_INCD,,Female,,PER_1000_UNINFECTED_POP,0.04
2014,SH_HIV_INCD,,Female,,PER_1000_UNINFECTED_POP,0.04
2015,SH_HIV_INCD,,Female,,PER_1000_UNINFECTED_POP,0.03
2016,SH_HIV_INCD,,Female,,PER_1000_UNINFECTED_POP,0.03
2017,SH_HIV_INCD,,Female,,PER_1000_UNINFECTED_POP,0.02
2018,SH_HIV_INCD,,Female,,PER_1000_UNINFECTED_POP,0.02
2000,SH_HIV_INCD,,Female,50 years old and over,PER_1000_UNINFECTED_POP,0.02
2001,SH_HIV_INCD,,Female,50 years old and over,PER_1000_UNINFECTED_POP,0.03
2002,SH_HIV_INCD,,Female,50 years old and over,PER_1000_UNINFECTED_POP,0.03
2003,SH_HIV_INCD,,Female,50 years old and over,PER_1000_UNINFECTED_POP,0.03
2004,SH_HIV_INCD,,Female,50 years old and over,PER_1000_UNINFECTED_POP,0.03
2005,SH_HIV_INCD,,Female,50 years old and over,PER_1000_UNINFECTED_POP,0.03
2006,SH_HIV_INCD,,Female,50 years old and over,PER_1000_UNINFECTED_POP,0.03
2007,SH_HIV_INCD,,Female,50 years old and over,PER_1000_UNINFECTED_POP,0.02
2008,SH_HIV_INCD,,Female,50 years old and over,PER_1000_UNINFECTED_POP,0.02
2009,SH_HIV_INCD,,Female,50 years old and over,PER_1000_UNINFECTED_POP,0.02
2010,SH_HIV_INCD,,Female,50 years old and over,PER_1000_UNINFECTED_POP,0.02
2011,SH_HIV_INCD,,Female,50 years old and over,PER_1000_UNINFECTED_POP,0.01
2012,SH_HIV_INCD,,Female,50 years old and over,PER_1000_UNINFECTED_POP,0.01
2013,SH_HIV_INCD,,Female,50 years old and over,PER_1000_UNINFECTED_POP,0.01
2014,SH_HIV_INCD,,Female,50 years old and over,PER_1000_UNINFECTED_POP,0.01
2015,SH_HIV_INCD,,Female,50 years old and over,PER_1000_UNINFECTED_POP,0.01
2016,SH_HIV_INCD,,Female,50 years old and over,PER_1000_UNINFECTED_POP,0.01
2017,SH_HIV_INCD,,Female,50 years old and over,PER_1000_UNINFECTED_POP,0.01
2018,SH_HIV_INCD,,Female,50 years old and over,PER_1000_UNINFECTED_POP,0.0
2000,SH_HIV_INCD,,Female,15 to 24 years old,PER_1000_UNINFECTED_POP,0.13
2001,SH_HIV_INCD,,Female,15 to 24 years old,PER_1000_UNINFECTED_POP,0.15
2002,SH_HIV_INCD,,Female,15 to 24 years old,PER_1000_UNINFECTED_POP,0.16
2003,SH_HIV_INCD,,Female,15 to 24 years old,PER_1000_UNINFECTED_POP,0.16
2004,SH_HIV_INCD,,Female,15 to 24 years old,PER_1000_UNINFECTED_POP,0.16
2005,SH_HIV_INCD,,Female,15 to 24 years old,PER_1000_UNINFECTED_POP,0.17
2006,SH_HIV_INCD,,Female,15 to 24 years old,PER_1000_UNINFECTED_POP,0.16
2007,SH_HIV_INCD,,Female,15 to 24 years old,PER_1000_UNINFECTED_POP,0.14
2008,SH_HIV_INCD,,Female,15 to 24 years old,PER_1000_UNINFECTED_POP,0.12
2009,SH_HIV_INCD,,Female,15 to 24 years old,PER_1000_UNINFECTED_POP,0.11
2010,SH_HIV_INCD,,Female,15 to 24 years old,PER_1000_UNINFECTED_POP,0.1
2011,SH_HIV_INCD,,Female,15 to 24 years old,PER_1000_UNINFECTED_POP,0.09
2012,SH_HIV_INCD,,Female,15 to 24 years old,PER_1000_UNINFECTED_POP,0.08
2013,SH_HIV_INCD,,Female,15 to 24 years old,PER_1000_UNINFECTED_POP,0.06
2014,SH_HIV_INCD,,Female,15 to 24 years old,PER_1000_UNINFECTED_POP,0.05
2015,SH_HIV_INCD,,Female,15 to 24 years old,PER_1000_UNINFECTED_POP,0.05
2016,SH_HIV_INCD,,Female,15 to 24 years old,PER_1000_UNINFECTED_POP,0.04
2017,SH_HIV_INCD,,Female,15 to 24 years old,PER_1000_UNINFECTED_POP,0.03
2018,SH_HIV_INCD,,Female,15 to 24 years old,PER_1000_UNINFECTED_POP,0.03
2000,SH_HIV_INCD,,Female,15 to 49 years old,PER_1000_UNINFECTED_POP,0.16
2001,SH_HIV_INCD,,Female,15 to 49 years old,PER_1000_UNINFECTED_POP,0.18
2002,SH_HIV_INCD,,Female,15 to 49 years old,PER_1000_UNINFECTED_POP,0.18
2003,SH_HIV_INCD,,Female,15 to 49 years old,PER_1000_UNINFECTED_POP,0.19
2004,SH_HIV_INCD,,Female,15 to 49 years old,PER_1000_UNINFECTED_POP,0.19
2005,SH_HIV_INCD,,Female,15 to 49 years old,PER_1000_UNINFECTED_POP,0.2
2006,SH_HIV_INCD,,Female,15 to 49 years old,PER_1000_UNINFECTED_POP,0.19
2007,SH_HIV_INCD,,Female,15 to 49 years old,PER_1000_UNINFECTED_POP,0.16
2008,SH_HIV_INCD,,Female,15 to 49 years old,PER_1000_UNINFECTED_POP,0.14
2009,SH_HIV_INCD,,Female,15 to 49 years old,PER_1000_UNINFECTED_POP,0.13
2010,SH_HIV_INCD,,Female,15 to 49 years old,PER_1000_UNINFECTED_POP,0.12
2011,SH_HIV_INCD,,Female,15 to 49 years old,PER_1000_UNINFECTED_POP,0.1
2012,SH_HIV_INCD,,Female,15 to 49 years old,PER_1000_UNINFECTED_POP,0.09
2013,SH_HIV_INCD,,Female,15 to 49 years old,PER_1000_UNINFECTED_POP,0.07
2014,SH_HIV_INCD,,Female,15 to 49 years old,PER_1000_UNINFECTED_POP,0.06
2015,SH_HIV_INCD,,Female,15 to 49 years old,PER_1000_UNINFECTED_POP,0.05
2016,SH_HIV_INCD,,Female,15 to 49 years old,PER_1000_UNINFECTED_POP,0.05
2017,SH_HIV_INCD,,Female,15 to 49 years old,PER_1000_UNINFECTED_POP,0.04
2018,SH_HIV_INCD,,Female,15 to 49 years old,PER_1000_UNINFECTED_POP,0.03
2000,SH_HIV_INCD,,Male,,PER_1000_UNINFECTED_POP,0.3
2001,SH_HIV_INCD,,Male,,PER_1000_UNINFECTED_POP,0.27
2002,SH_HIV_INCD,,Male,,PER_1000_UNINFECTED_POP,0.25
2003,SH_HIV_INCD,,Male,,PER_1000_UNINFECTED_POP,0.24
2004,SH_HIV_INCD,,Male,,PER_1000_UNINFECTED_POP,0.21
2005,SH_HIV_INCD,,Male,,PER_1000_UNINFECTED_POP,0.19
2006,SH_HIV_INCD,,Male,,PER_1000_UNINFECTED_POP,0.16
2007,SH_HIV_INCD,,Male,,PER_1000_UNINFECTED_POP,0.13
2008,SH_HIV_INCD,,Male,,PER_1000_UNINFECTED_POP,0.12
2009,SH_HIV_INCD,,Male,,PER_1000_UNINFECTED_POP,0.1
2010,SH_HIV_INCD,,Male,,PER_1000_UNINFECTED_POP,0.09
2011,SH_HIV_INCD,,Male,,PER_1000_UNINFECTED_POP,0.08
2012,SH_HIV_INCD,,Male,,PER_1000_UNINFECTED_POP,0.07
2013,SH_HIV_INCD,,Male,,PER_1000_UNINFECTED_POP,0.06
2014,SH_HIV_INCD,,Male,,PER_1000_UNINFECTED_POP,0.06
2015,SH_HIV_INCD,,Male,,PER_1000_UNINFECTED_POP,0.05
2016,SH_HIV_INCD,,Male,,PER_1000_UNINFECTED_POP,0.05
2017,SH_HIV_INCD,,Male,,PER_1000_UNINFECTED_POP,0.05
2018,SH_HIV_INCD,,Male,,PER_1000_UNINFECTED_POP,0.04
2000,SH_HIV_INCD,,Male,50 years old and over,PER_1000_UNINFECTED_POP,0.18
2001,SH_HIV_INCD,,Male,50 years old and over,PER_1000_UNINFECTED_POP,0.16
2002,SH_HIV_INCD,,Male,50 years old and over,PER_1000_UNINFECTED_POP,0.15
2003,SH_HIV_INCD,,Male,50 years old and over,PER_1000_UNINFECTED_POP,0.14
2004,SH_HIV_INCD,,Male,50 years old and over,PER_1000_UNINFECTED_POP,0.13
2005,SH_HIV_INCD,,Male,50 years old and over,PER_1000_UNINFECTED_POP,0.11
2006,SH_HIV_INCD,,Male,50 years old and over,PER_1000_UNINFECTED_POP,0.09
2007,SH_HIV_INCD,,Male,50 years old and over,PER_1000_UNINFECTED_POP,0.07
2008,SH_HIV_INCD,,Male,50 years old and over,PER_1000_UNINFECTED_POP,0.06
2009,SH_HIV_INCD,,Male,50 years old and over,PER_1000_UNINFECTED_POP,0.06
2010,SH_HIV_INCD,,Male,50 years old and over,PER_1000_UNINFECTED_POP,0.05
2011,SH_HIV_INCD,,Male,50 years old and over,PER_1000_UNINFECTED_POP,0.04
2012,SH_HIV_INCD,,Male,50 years old and over,PER_1000_UNINFECTED_POP,0.04
2013,SH_HIV_INCD,,Male,50 years old and over,PER_1000_UNINFECTED_POP,0.03
2014,SH_HIV_INCD,,Male,50 years old and over,PER_1000_UNINFECTED_POP,0.03
2015,SH_HIV_INCD,,Male,50 years old and over,PER_1000_UNINFECTED_POP,0.03
2016,SH_HIV_INCD,,Male,50 years old and over,PER_1000_UNINFECTED_POP,0.03
2017,SH_HIV_INCD,,Male,50 years old and over,PER_1000_UNINFECTED_POP,0.02
2018,SH_HIV_INCD,,Male,50 years old and over,PER_1000_UNINFECTED_POP,0.02
2000,SH_HIV_INCD,,Male,15 to 24 years old,PER_1000_UNINFECTED_POP,0.29
2001,SH_HIV_INCD,,Male,15 to 24 years old,PER_1000_UNINFECTED_POP,0.25
2002,SH_HIV_INCD,,Male,15 to 24 years old,PER_1000_UNINFECTED_POP,0.23
2003,SH_HIV_INCD,,Male,15 to 24 years old,PER_1000_UNINFECTED_POP,0.22
2004,SH_HIV_INCD,,Male,15 to 24 years old,PER_1000_UNINFECTED_POP,0.19
2005,SH_HIV_INCD,,Male,15 to 24 years old,PER_1000_UNINFECTED_POP,0.17
2006,SH_HIV_INCD,,Male,15 to 24 years old,PER_1000_UNINFECTED_POP,0.14
2007,SH_HIV_INCD,,Male,15 to 24 years old,PER_1000_UNINFECTED_POP,0.12
2008,SH_HIV_INCD,,Male,15 to 24 years old,PER_1000_UNINFECTED_POP,0.1
2009,SH_HIV_INCD,,Male,15 to 24 years old,PER_1000_UNINFECTED_POP,0.09
2010,SH_HIV_INCD,,Male,15 to 24 years old,PER_1000_UNINFECTED_POP,0.08
2011,SH_HIV_INCD,,Male,15 to 24 years old,PER_1000_UNINFECTED_POP,0.07
2012,SH_HIV_INCD,,Male,15 to 24 years old,PER_1000_UNINFECTED_POP,0.06
2013,SH_HIV_INCD,,Male,15 to 24 years old,PER_1000_UNINFECTED_POP,0.05
2014,SH_HIV_INCD,,Male,15 to 24 years old,PER_1000_UNINFECTED_POP,0.05
2015,SH_HIV_INCD,,Male,15 to 24 years old,PER_1000_UNINFECTED_POP,0.05
2016,SH_HIV_INCD,,Male,15 to 24 years old,PER_1000_UNINFECTED_POP,0.04
2017,SH_HIV_INCD,,Male,15 to 24 years old,PER_1000_UNINFECTED_POP,0.04
2018,SH_HIV_INCD,,Male,15 to 24 years old,PER_1000_UNINFECTED_POP,0.03
2000,SH_HIV_INCD,,Male,15 to 49 years old,PER_1000_UNINFECTED_POP,0.58
2001,SH_HIV_INCD,,Male,15 to 49 years old,PER_1000_UNINFECTED_POP,0.51
2002,SH_HIV_INCD,,Male,15 to 49 years old,PER_1000_UNINFECTED_POP,0.48
2003,SH_HIV_INCD,,Male,15 to 49 years old,PER_1000_UNINFECTED_POP,0.45
2004,SH_HIV_INCD,,Male,15 to 49 years old,PER_1000_UNINFECTED_POP,0.4
2005,SH_HIV_INCD,,Male,15 to 49 years old,PER_1000_UNINFECTED_POP,0.35
2006,SH_HIV_INCD,,Male,15 to 49 years old,PER_1000_UNINFECTED_POP,0.29
2007,SH_HIV_INCD,,Male,15 to 49 years old,PER_1000_UNINFECTED_POP,0.24
2008,SH_HIV_INCD,,Male,15 to 49 years old,PER_1000_UNINFECTED_POP,0.21
2009,SH_HIV_INCD,,Male,15 to 49 years old,PER_1000_UNINFECTED_POP,0.19
2010,SH_HIV_INCD,,Male,15 to 49 years old,PER_1000_UNINFECTED_POP,0.16
2011,SH_HIV_INCD,,Male,15 to 49 years old,PER_1000_UNINFECTED_POP,0.13
2012,SH_HIV_INCD,,Male,15 to 49 years old,PER_1000_UNINFECTED_POP,0.12
2013,SH_HIV_INCD,,Male,15 to 49 years old,PER_1000_UNINFECTED_POP,0.1
2014,SH_HIV_INCD,,Male,15 to 49 years old,PER_1000_UNINFECTED_POP,0.1
2015,SH_HIV_INCD,,Male,15 to 49 years old,PER_1000_UNINFECTED_POP,0.09
2016,SH_HIV_INCD,,Male,15 to 49 years old,PER_1000_UNINFECTED_POP,0.08
2017,SH_HIV_INCD,,Male,15 to 49 years old,PER_1000_UNINFECTED_POP,0.08
2018,SH_HIV_INCD,,Male,15 to 49 years old,PER_1000_UNINFECTED_POP,0.07
