Year,SERIES,Reference area,UNIT_MEASURE,Value
2016,"Number of new HIV infections per 1,000 uninfected population [3.3.1]",,"Per 1,000 uninfected population",1854
2017,"Number of new HIV infections per 1,000 uninfected population [3.3.1]",,"Per 1,000 uninfected population",2152
2018,"Number of new HIV infections per 1,000 uninfected population [3.3.1]",,"Per 1,000 uninfected population",2298
2019,"Number of new HIV infections per 1,000 uninfected population [3.3.1]",,"Per 1,000 uninfected population",2416
