Year,Series,Reference area,Units,Value
2010,Number of people requiring interventions against neglected tropical diseases,Nepal,Number,26834231
2011,Number of people requiring interventions against neglected tropical diseases,Nepal,Number,26975315
2012,Number of people requiring interventions against neglected tropical diseases,Nepal,Number,20852506
2013,Number of people requiring interventions against neglected tropical diseases,Nepal,Number,23979335
2014,Number of people requiring interventions against neglected tropical diseases,Nepal,Number,21348508
2015,Number of people requiring interventions against neglected tropical diseases,Nepal,Number,18850311
2016,Number of people requiring interventions against neglected tropical diseases,Nepal,Number,17552881
2017,Number of people requiring interventions against neglected tropical diseases,Nepal,Number,16062081
2018,Number of people requiring interventions against neglected tropical diseases,Nepal,Number,14520580
