Year,Series,Reference area,Sex,Age,Degree of urbanisation,Income or wealth quantile,Education level,Occupation,Custom Breakdown,COMPOSITE_BREAKDOWN,Disability status,Economic activity,Type of product,Units,Value
2010,Number of people requiring interventions against neglected tropical diseases,,None,None,None,None,None,None,None,None,None,None,None,Number,26834231
2011,Number of people requiring interventions against neglected tropical diseases,,None,None,None,None,None,None,None,None,None,None,None,Number,26975315
2012,Number of people requiring interventions against neglected tropical diseases,,None,None,None,None,None,None,None,None,None,None,None,Number,20852506
2013,Number of people requiring interventions against neglected tropical diseases,,None,None,None,None,None,None,None,None,None,None,None,Number,23979335
2014,Number of people requiring interventions against neglected tropical diseases,,None,None,None,None,None,None,None,None,None,None,None,Number,21348508
2015,Number of people requiring interventions against neglected tropical diseases,,None,None,None,None,None,None,None,None,None,None,None,Number,18850311
2016,Number of people requiring interventions against neglected tropical diseases,,None,None,None,None,None,None,None,None,None,None,None,Number,17552881
2017,Number of people requiring interventions against neglected tropical diseases,,None,None,None,None,None,None,None,None,None,None,None,Number,16062081
2018,Number of people requiring interventions against neglected tropical diseases,,None,None,None,None,None,None,None,None,None,None,None,Number,14520580
