Year,Series,Reference area,Sex,Age,Degree of urbanisation,Income or wealth quantile,Education level,Occupation,Custom Breakdown,COMPOSITE_BREAKDOWN,Disability status,Economic activity,Type of product,Units,Value
2000,Death rate due to road traffic injuries,,None,None,None,None,None,None,None,None,None,None,None,"Per 100,000 population",15.7
2005,Death rate due to road traffic injuries,,None,None,None,None,None,None,None,None,None,None,None,"Per 100,000 population",16.1
2010,Death rate due to road traffic injuries,,None,None,None,None,None,None,None,None,None,None,None,"Per 100,000 population",15.7
2013,Death rate due to road traffic injuries,,None,None,None,None,None,None,None,None,None,None,None,"Per 100,000 population",15.1
2016,Death rate due to road traffic injuries,,None,None,None,None,None,None,None,None,None,None,None,"Per 100,000 population",15.9
