Year,Observation status,Unit multiplier,SERIES,Reference area,Age,UNIT_MEASURE,Value
2019,Normal value,Units,Proportion of women married or in a union of reproductive age (aged 15-49 years) who have their need for family planning satisfied with modern methods [3.7.1],,15 to 49 years old,Percent,61.9
2019,Normal value,Units,Proportion of women married or in a union of reproductive age (aged 15-49 years) who have their need for family planning satisfied with modern methods [3.7.1],Province 1,15 to 49 years old,Percent,62.1
2019,Normal value,Units,Proportion of women married or in a union of reproductive age (aged 15-49 years) who have their need for family planning satisfied with modern methods [3.7.1],Province 2,15 to 49 years old,Percent,66.2
2019,Normal value,Units,Proportion of women married or in a union of reproductive age (aged 15-49 years) who have their need for family planning satisfied with modern methods [3.7.1],Bagmati,15 to 49 years old,Percent,61.2
2019,Normal value,Units,Proportion of women married or in a union of reproductive age (aged 15-49 years) who have their need for family planning satisfied with modern methods [3.7.1],Gandaki,15 to 49 years old,Percent,49.4
2019,Normal value,Units,Proportion of women married or in a union of reproductive age (aged 15-49 years) who have their need for family planning satisfied with modern methods [3.7.1],Lumbini,15 to 49 years old,Percent,63.4
2019,Normal value,Units,Proportion of women married or in a union of reproductive age (aged 15-49 years) who have their need for family planning satisfied with modern methods [3.7.1],Karnali,15 to 49 years old,Percent,62.3
2019,Normal value,Units,Proportion of women married or in a union of reproductive age (aged 15-49 years) who have their need for family planning satisfied with modern methods [3.7.1],Sudurpashchim,15 to 49 years old,Percent,62.4
