Year,Series,Reference area,Sex,Age,Units,Value
2001,Proportion of women married or in a union of reproductive age (aged 15-49 years) who have their need for family planning satisfied with modern methods,Nepal,Female,15 to 49 years old,Percent,52.8
2006,Proportion of women married or in a union of reproductive age (aged 15-49 years) who have their need for family planning satisfied with modern methods,Nepal,Female,15 to 49 years old,Percent,60.9
2011,Proportion of women married or in a union of reproductive age (aged 15-49 years) who have their need for family planning satisfied with modern methods,Nepal,Female,15 to 49 years old,Percent,56.2
2014,Proportion of women married or in a union of reproductive age (aged 15-49 years) who have their need for family planning satisfied with modern methods,Nepal,Female,15 to 49 years old,Percent,62.9
2017,Proportion of women married or in a union of reproductive age (aged 15-49 years) who have their need for family planning satisfied with modern methods,Nepal,Female,15 to 49 years old,Percent,56.0
