Year,SDG Series,Sex,Age,Unit of measure,Value
2000,"Adolescent birth rate (per 1,000 women aged 15-19 years) [3.7.2]",Female,15 to 19 years old,"Per 1,000 population",71.0
2003,"Adolescent birth rate (per 1,000 women aged 15-19 years) [3.7.2]",Female,15 to 19 years old,"Per 1,000 population",106.0
2004,"Adolescent birth rate (per 1,000 women aged 15-19 years) [3.7.2]",Female,15 to 19 years old,"Per 1,000 population",98.0
2008,"Adolescent birth rate (per 1,000 women aged 15-19 years) [3.7.2]",Female,15 to 19 years old,"Per 1,000 population",87.0
2009,"Adolescent birth rate (per 1,000 women aged 15-19 years) [3.7.2]",Female,15 to 19 years old,"Per 1,000 population",81.0
2010,"Adolescent birth rate (per 1,000 women aged 15-19 years) [3.7.2]",Female,15 to 19 years old,"Per 1,000 population",90.0
2012,"Adolescent birth rate (per 1,000 women aged 15-19 years) [3.7.2]",Female,15 to 19 years old,"Per 1,000 population",71.5
2013,"Adolescent birth rate (per 1,000 women aged 15-19 years) [3.7.2]",Female,15 to 19 years old,"Per 1,000 population",71.0
2015,"Adolescent birth rate (per 1,000 women aged 15-19 years) [3.7.2]",Female,15 to 19 years old,"Per 1,000 population",88.2
