Year,SERIES,Reference area,Age,UNIT_MEASURE,Value
2014,Percentage of women age 15-49 years with a live birth in the last 2 years who during the pregnancy of the most recent live birth were attended at least once by skilled health personnel [3.8.1],,15 to 49 years old,Percent,68.3
2019,Percentage of women age 15-49 years with a live birth in the last 2 years who during the pregnancy of the most recent live birth were attended at least once by skilled health personnel [3.8.1],,15 to 49 years old,Percent,88.8
2019,Percentage of women age 15-49 years with a live birth in the last 2 years who during the pregnancy of the most recent live birth were attended at least once by skilled health personnel [3.8.1],Province 1,15 to 49 years old,Percent,84.2
2019,Percentage of women age 15-49 years with a live birth in the last 2 years who during the pregnancy of the most recent live birth were attended at least once by skilled health personnel [3.8.1],Province 2,15 to 49 years old,Percent,86.1
2019,Percentage of women age 15-49 years with a live birth in the last 2 years who during the pregnancy of the most recent live birth were attended at least once by skilled health personnel [3.8.1],Bagmati,15 to 49 years old,Percent,90.6
2019,Percentage of women age 15-49 years with a live birth in the last 2 years who during the pregnancy of the most recent live birth were attended at least once by skilled health personnel [3.8.1],Gandaki,15 to 49 years old,Percent,86.9
2019,Percentage of women age 15-49 years with a live birth in the last 2 years who during the pregnancy of the most recent live birth were attended at least once by skilled health personnel [3.8.1],Lumbini,15 to 49 years old,Percent,92.4
2019,Percentage of women age 15-49 years with a live birth in the last 2 years who during the pregnancy of the most recent live birth were attended at least once by skilled health personnel [3.8.1],Karnali,15 to 49 years old,Percent,85.1
2019,Percentage of women age 15-49 years with a live birth in the last 2 years who during the pregnancy of the most recent live birth were attended at least once by skilled health personnel [3.8.1],Sudurpashchim,15 to 49 years old,Percent,95.9
2014,Percentage of women age 15-49 years with a live birth in the last 2 years who during the pregnancy of the most recent live birth were attended at least four times by any provider [3.8.1],,15 to 49 years old,Percent,59.5
2019,Percentage of women age 15-49 years with a live birth in the last 2 years who during the pregnancy of the most recent live birth were attended at least four times by any provider [3.8.1],,15 to 49 years old,Percent,77.8
2019,Percentage of women age 15-49 years with a live birth in the last 2 years who during the pregnancy of the most recent live birth were attended at least four times by any provider [3.8.1],Province 1,15 to 49 years old,Percent,80.3
2019,Percentage of women age 15-49 years with a live birth in the last 2 years who during the pregnancy of the most recent live birth were attended at least four times by any provider [3.8.1],Province 2,15 to 49 years old,Percent,56.8
2019,Percentage of women age 15-49 years with a live birth in the last 2 years who during the pregnancy of the most recent live birth were attended at least four times by any provider [3.8.1],Bagmati,15 to 49 years old,Percent,87.2
2019,Percentage of women age 15-49 years with a live birth in the last 2 years who during the pregnancy of the most recent live birth were attended at least four times by any provider [3.8.1],Gandaki,15 to 49 years old,Percent,91.2
2019,Percentage of women age 15-49 years with a live birth in the last 2 years who during the pregnancy of the most recent live birth were attended at least four times by any provider [3.8.1],Lumbini,15 to 49 years old,Percent,80.7
2019,Percentage of women age 15-49 years with a live birth in the last 2 years who during the pregnancy of the most recent live birth were attended at least four times by any provider [3.8.1],Karnali,15 to 49 years old,Percent,72.3
2019,Percentage of women age 15-49 years with a live birth in the last 2 years who during the pregnancy of the most recent live birth were attended at least four times by any provider [3.8.1],Sudurpashchim,15 to 49 years old,Percent,88.0
2019,Percentage of women age 15-49 years with a live birth in the last 2 years who during the pregnancy of the most recent live birth were attended aat least eight times by any provider [3.8.1],,15 to 49 years old,Percent,5.4
2019,Percentage of women age 15-49 years with a live birth in the last 2 years who during the pregnancy of the most recent live birth were attended aat least eight times by any provider [3.8.1],Province 1,15 to 49 years old,Percent,3.9
2019,Percentage of women age 15-49 years with a live birth in the last 2 years who during the pregnancy of the most recent live birth were attended aat least eight times by any provider [3.8.1],Province 2,15 to 49 years old,Percent,5.3
2019,Percentage of women age 15-49 years with a live birth in the last 2 years who during the pregnancy of the most recent live birth were attended aat least eight times by any provider [3.8.1],Bagmati,15 to 49 years old,Percent,15.6
2019,Percentage of women age 15-49 years with a live birth in the last 2 years who during the pregnancy of the most recent live birth were attended aat least eight times by any provider [3.8.1],Gandaki,15 to 49 years old,Percent,3.7
2019,Percentage of women age 15-49 years with a live birth in the last 2 years who during the pregnancy of the most recent live birth were attended aat least eight times by any provider [3.8.1],Lumbini,15 to 49 years old,Percent,1.4
2019,Percentage of women age 15-49 years with a live birth in the last 2 years who during the pregnancy of the most recent live birth were attended aat least eight times by any provider [3.8.1],Karnali,15 to 49 years old,Percent,0.9
2019,Percentage of women age 15-49 years with a live birth in the last 2 years who during the pregnancy of the most recent live birth were attended aat least eight times by any provider [3.8.1],Sudurpashchim,15 to 49 years old,Percent,0.0
2014,Percentage of children under age 5 with ARI symptoms in the last 2 weeks for whom advice or treatment was sought from a health facility or provider [3.8.1],,,Percent,50.1
2019,Percentage of children under age 5 with ARI symptoms in the last 2 weeks for whom advice or treatment was sought from a health facility or provider [3.8.1],,,Percent,82.0
2019,Percentage of children under age 5 with ARI symptoms in the last 2 weeks for whom advice or treatment was sought from a health facility or provider [3.8.1],Province 1,,Percent,
2019,Percentage of children under age 5 with ARI symptoms in the last 2 weeks for whom advice or treatment was sought from a health facility or provider [3.8.1],Province 2,,Percent,
2019,Percentage of children under age 5 with ARI symptoms in the last 2 weeks for whom advice or treatment was sought from a health facility or provider [3.8.1],Bagmati,,Percent,-69.1
2019,Percentage of children under age 5 with ARI symptoms in the last 2 weeks for whom advice or treatment was sought from a health facility or provider [3.8.1],Gandaki,,Percent,
2019,Percentage of children under age 5 with ARI symptoms in the last 2 weeks for whom advice or treatment was sought from a health facility or provider [3.8.1],Lumbini,,Percent,-94.3
2019,Percentage of children under age 5 with ARI symptoms in the last 2 weeks for whom advice or treatment was sought from a health facility or provider [3.8.1],Karnali,,Percent,
2019,Percentage of children under age 5 with ARI symptoms in the last 2 weeks for whom advice or treatment was sought from a health facility or provider [3.8.1],Sudurpashchim,,Percent,-94.2
