Year,Series,Reference area,Units,Value
2003,Proportion of population with large household expenditures on health (greater than 10%) as a share of total household expenditure or income [3.8.2],,Percent,9.97
2010,Proportion of population with large household expenditures on health (greater than 10%) as a share of total household expenditure or income [3.8.2],,Percent,27.41
2014,Proportion of population with large household expenditures on health (greater than 10%) as a share of total household expenditure or income [3.8.2],,Percent,10.71
2003,Proportion of population with large household expenditures on health (greater than 25%) as a share of total household expenditure or income [3.8.2],,Percent,0.8
2010,Proportion of population with large household expenditures on health (greater than 25%) as a share of total household expenditure or income [3.8.2],,Percent,3.31
2014,Proportion of population with large household expenditures on health (greater than 25%) as a share of total household expenditure or income [3.8.2],,Percent,2.41
