Year,Series,Reference area,Sex,Age,Degree of urbanisation,Income or wealth quantile,Education level,Occupation,Custom Breakdown,COMPOSITE_BREAKDOWN,Disability status,Economic activity,Type of product,Units,Value
2016,Age-standardized mortality rate attributed to ambient air pollution,,None,None,None,None,None,None,None,None,None,None,None,"Per 100,000 population",112
2016,Crude death rate attributed to ambient air pollution,,None,None,None,None,None,None,None,None,None,None,None,"Per 100,000 population",76
2016,Age-standardized mortality rate attributed to household air pollution,,None,None,None,None,None,None,None,None,None,None,None,"Per 100,000 population",120
2016,Crude death rate attributed to household air pollution,,None,None,None,None,None,None,None,None,None,None,None,"Per 100,000 population",81
2016,Crude death rate attributed to household and ambient air pollution,,None,None,None,None,None,None,None,None,None,None,None,"Per 100,000 population",133
2016,Age-standardized mortality rate attributed to household and ambient air pollution,,None,None,None,None,None,None,None,None,None,None,None,"Per 100,000 population",194
