Year,SERIES,Reference area,UNIT_MEASURE,Value
2015,Mortality rate attributed to unintentional poisonings [3.9.3],,"Per 1,000 population",0.53
2018,Mortality rate attributed to unintentional poisonings [3.9.3],,"Per 1,000 population",0.493
2019,Mortality rate attributed to unintentional poisonings [3.9.3],,"Per 1,000 population",0.469
2020,Mortality rate attributed to unintentional poisonings [3.9.3],,"Per 1,000 population",0.432
2022,Mortality rate attributed to unintentional poisonings [3.9.3],,"Per 1,000 population",0.371
