Year,SERIES,Reference area,UNIT_MEASURE,Value
2015,3.b.3 Proportion of health facilities that have a core set of relevant essential medicines available and affordable on a sustainable basis _ Percent of government health facilities with no stock out of essential drugs,,Percent,70
2018,3.b.3 Proportion of health facilities that have a core set of relevant essential medicines available and affordable on a sustainable basis _ Percent of government health facilities with no stock out of essential drugs,,Percent,95
2019,3.b.3 Proportion of health facilities that have a core set of relevant essential medicines available and affordable on a sustainable basis _ Percent of government health facilities with no stock out of essential drugs,,Percent,95
2020,3.b.3 Proportion of health facilities that have a core set of relevant essential medicines available and affordable on a sustainable basis _ Percent of government health facilities with no stock out of essential drugs,,Percent,100
2022,3.b.3 Proportion of health facilities that have a core set of relevant essential medicines available and affordable on a sustainable basis _ Percent of government health facilities with no stock out of essential drugs,,Percent,100
