Year,SERIES,Reference area,UNIT_MEASURE,Value
2015,Average of 13 International Health Regulations (IHR) core capacities [3.d.1],,Percent,77
2018,Average of 13 International Health Regulations (IHR) core capacities [3.d.1],,Percent,82
2019,Average of 13 International Health Regulations (IHR) core capacities [3.d.1],,Percent,85
2020,Average of 13 International Health Regulations (IHR) core capacities [3.d.1],,Percent,90
2022,Average of 13 International Health Regulations (IHR) core capacities [3.d.1],,Percent,95
