Year,Series,Reference area,Composite breakdown,Units,Value
2010,SH_IHR_CAPS,,"IHR Capacity: National legislation, policy and financing",PT,75
2011,SH_IHR_CAPS,,"IHR Capacity: National legislation, policy and financing",PT,75
2012,SH_IHR_CAPS,,"IHR Capacity: National legislation, policy and financing",PT,75
2013,SH_IHR_CAPS,,"IHR Capacity: National legislation, policy and financing",PT,75
2014,SH_IHR_CAPS,,"IHR Capacity: National legislation, policy and financing",PT,100
2015,SH_IHR_CAPS,,"IHR Capacity: National legislation, policy and financing",PT,100
2016,SH_IHR_CAPS,,"IHR Capacity: National legislation, policy and financing",PT,100
2017,SH_IHR_CAPS,,"IHR Capacity: National legislation, policy and financing",PT,0
2010,SH_IHR_CAPS,,IHR Capacity: Coordination and National Focal Point communications,PT,75
2011,SH_IHR_CAPS,,IHR Capacity: Coordination and National Focal Point communications,PT,66
2012,SH_IHR_CAPS,,IHR Capacity: Coordination and National Focal Point communications,PT,66
2013,SH_IHR_CAPS,,IHR Capacity: Coordination and National Focal Point communications,PT,73
2014,SH_IHR_CAPS,,IHR Capacity: Coordination and National Focal Point communications,PT,100
2015,SH_IHR_CAPS,,IHR Capacity: Coordination and National Focal Point communications,PT,100
2016,SH_IHR_CAPS,,IHR Capacity: Coordination and National Focal Point communications,PT,100
2017,SH_IHR_CAPS,,IHR Capacity: Coordination and National Focal Point communications,PT,10
2010,SH_IHR_CAPS,,IHR Capacity: Surveillance,PT,40
2011,SH_IHR_CAPS,,IHR Capacity: Surveillance,PT,40
2012,SH_IHR_CAPS,,IHR Capacity: Surveillance,PT,35
2013,SH_IHR_CAPS,,IHR Capacity: Surveillance,PT,70
2014,SH_IHR_CAPS,,IHR Capacity: Surveillance,PT,90
2015,SH_IHR_CAPS,,IHR Capacity: Surveillance,PT,95
2016,SH_IHR_CAPS,,IHR Capacity: Surveillance,PT,95
2017,SH_IHR_CAPS,,IHR Capacity: Surveillance,PT,25
2010,SH_IHR_CAPS,,IHR Capacity: Response,PT,48
2011,SH_IHR_CAPS,,IHR Capacity: Response,PT,71
2012,SH_IHR_CAPS,,IHR Capacity: Response,PT,52
2013,SH_IHR_CAPS,,IHR Capacity: Response,PT,67
2014,SH_IHR_CAPS,,IHR Capacity: Response,PT,76
2015,SH_IHR_CAPS,,IHR Capacity: Response,PT,94
2016,SH_IHR_CAPS,,IHR Capacity: Response,PT,94
2017,SH_IHR_CAPS,,IHR Capacity: Response,PT,40
2010,SH_IHR_CAPS,,IHR Capacity: Preparedness,PT,14
2011,SH_IHR_CAPS,,IHR Capacity: Preparedness,PT,65
2012,SH_IHR_CAPS,,IHR Capacity: Preparedness,PT,40
2013,SH_IHR_CAPS,,IHR Capacity: Preparedness,PT,66
2014,SH_IHR_CAPS,,IHR Capacity: Preparedness,PT,70
2015,SH_IHR_CAPS,,IHR Capacity: Preparedness,PT,80
2016,SH_IHR_CAPS,,IHR Capacity: Preparedness,PT,80
2017,SH_IHR_CAPS,,IHR Capacity: Preparedness,PT,20
2010,SH_IHR_CAPS,,IHR Capacity: Risk communication,PT,80
2011,SH_IHR_CAPS,,IHR Capacity: Risk communication,PT,29
2012,SH_IHR_CAPS,,IHR Capacity: Risk communication,PT,29
2013,SH_IHR_CAPS,,IHR Capacity: Risk communication,PT,83
2014,SH_IHR_CAPS,,IHR Capacity: Risk communication,PT,86
2015,SH_IHR_CAPS,,IHR Capacity: Risk communication,PT,86
2016,SH_IHR_CAPS,,IHR Capacity: Risk communication,PT,86
2017,SH_IHR_CAPS,,IHR Capacity: Risk communication,PT,29
2010,SH_IHR_CAPS,,IHR Capacity: Human resources,PT,33
2011,SH_IHR_CAPS,,IHR Capacity: Human resources,PT,25
2012,SH_IHR_CAPS,,IHR Capacity: Human resources,PT,20
2013,SH_IHR_CAPS,,IHR Capacity: Human resources,PT,20
2014,SH_IHR_CAPS,,IHR Capacity: Human resources,PT,60
2015,SH_IHR_CAPS,,IHR Capacity: Human resources,PT,80
2016,SH_IHR_CAPS,,IHR Capacity: Human resources,PT,80
2017,SH_IHR_CAPS,,IHR Capacity: Human resources,PT,0
2010,SH_IHR_CAPS,,IHR Capacity: Laboratory,PT,88
2011,SH_IHR_CAPS,,IHR Capacity: Laboratory,PT,60
2012,SH_IHR_CAPS,,IHR Capacity: Laboratory,PT,60
2013,SH_IHR_CAPS,,IHR Capacity: Laboratory,PT,100
2014,SH_IHR_CAPS,,IHR Capacity: Laboratory,PT,91
2015,SH_IHR_CAPS,,IHR Capacity: Laboratory,PT,100
2016,SH_IHR_CAPS,,IHR Capacity: Laboratory,PT,100
2017,SH_IHR_CAPS,,IHR Capacity: Laboratory,PT,69
2010,SH_IHR_CAPS,,IHR Capacity: Points of entry,PT,29
2011,SH_IHR_CAPS,,IHR Capacity: Points of entry,PT,15
2012,SH_IHR_CAPS,,IHR Capacity: Points of entry,PT,65
2013,SH_IHR_CAPS,,IHR Capacity: Points of entry,PT,21
2014,SH_IHR_CAPS,,IHR Capacity: Points of entry,PT,27
2015,SH_IHR_CAPS,,IHR Capacity: Points of entry,PT,27
2016,SH_IHR_CAPS,,IHR Capacity: Points of entry,PT,27
2017,SH_IHR_CAPS,,IHR Capacity: Points of entry,PT,59
2010,SH_IHR_CAPS,,IHR Capacity: Zoonotic events,PT,46
2011,SH_IHR_CAPS,,IHR Capacity: Zoonotic events,PT,67
2012,SH_IHR_CAPS,,IHR Capacity: Zoonotic events,PT,44
2013,SH_IHR_CAPS,,IHR Capacity: Zoonotic events,PT,100
2014,SH_IHR_CAPS,,IHR Capacity: Zoonotic events,PT,100
2015,SH_IHR_CAPS,,IHR Capacity: Zoonotic events,PT,100
2016,SH_IHR_CAPS,,IHR Capacity: Zoonotic events,PT,100
2017,SH_IHR_CAPS,,IHR Capacity: Zoonotic events,PT,33
2010,SH_IHR_CAPS,,IHR Capacity: Food safety,PT,46
2011,SH_IHR_CAPS,,IHR Capacity: Food safety,PT,58
2012,SH_IHR_CAPS,,IHR Capacity: Food safety,PT,60
2013,SH_IHR_CAPS,,IHR Capacity: Food safety,PT,73
2014,SH_IHR_CAPS,,IHR Capacity: Food safety,PT,47
2015,SH_IHR_CAPS,,IHR Capacity: Food safety,PT,53
2016,SH_IHR_CAPS,,IHR Capacity: Food safety,PT,53
2017,SH_IHR_CAPS,,IHR Capacity: Food safety,PT,7
2010,SH_IHR_CAPS,,IHR Capacity: Chemical events,PT,7
2011,SH_IHR_CAPS,,IHR Capacity: Chemical events,PT,83
2012,SH_IHR_CAPS,,IHR Capacity: Chemical events,PT,0
2013,SH_IHR_CAPS,,IHR Capacity: Chemical events,PT,31
2014,SH_IHR_CAPS,,IHR Capacity: Chemical events,PT,8
2015,SH_IHR_CAPS,,IHR Capacity: Chemical events,PT,8
2016,SH_IHR_CAPS,,IHR Capacity: Chemical events,PT,8
2017,SH_IHR_CAPS,,IHR Capacity: Chemical events,PT,0
2010,SH_IHR_CAPS,,IHR Capacity: Radionuclear emergencies,PT,6
2011,SH_IHR_CAPS,,IHR Capacity: Radionuclear emergencies,PT,17
2012,SH_IHR_CAPS,,IHR Capacity: Radionuclear emergencies,PT,0
2013,SH_IHR_CAPS,,IHR Capacity: Radionuclear emergencies,PT,8
2014,SH_IHR_CAPS,,IHR Capacity: Radionuclear emergencies,PT,8
2015,SH_IHR_CAPS,,IHR Capacity: Radionuclear emergencies,PT,8
2016,SH_IHR_CAPS,,IHR Capacity: Radionuclear emergencies,PT,8
2017,SH_IHR_CAPS,,IHR Capacity: Radionuclear emergencies,PT,0
2018,SH_IHR_CAPS,,State Party Annual Report: Legislation and Financing,PT,27
2019,SH_IHR_CAPS,,State Party Annual Report: Legislation and Financing,PT,47
2018,SH_IHR_CAPS,,State Party Annual Report: IHR Coordination and National IHR Focal Point Functions ,PT,20
2019,SH_IHR_CAPS,,State Party Annual Report: IHR Coordination and National IHR Focal Point Functions ,PT,50
2018,SH_IHR_CAPS,,State Party Annual Report: Zoonotic events and the human–animal interface ,PT,20
2019,SH_IHR_CAPS,,State Party Annual Report: Zoonotic events and the human–animal interface ,PT,20
2018,SH_IHR_CAPS,,State Party Annual Report: Food safety ,PT,20
2019,SH_IHR_CAPS,,State Party Annual Report: Food safety ,PT,20
2018,SH_IHR_CAPS,,State Party Annual Report: Laboratory ,PT,33
2019,SH_IHR_CAPS,,State Party Annual Report: Laboratory ,PT,40
2018,SH_IHR_CAPS,,State Party Annual Report: Surveillance ,PT,40
2019,SH_IHR_CAPS,,State Party Annual Report: Surveillance ,PT,50
2018,SH_IHR_CAPS,,State Party Annual Report: Human resources ,PT,40
2019,SH_IHR_CAPS,,State Party Annual Report: Human resources ,PT,40
2018,SH_IHR_CAPS,,State Party Annual Report: National Health Emergency Framework ,PT,40
2019,SH_IHR_CAPS,,State Party Annual Report: National Health Emergency Framework ,PT,47
2018,SH_IHR_CAPS,,State Party Annual Report: Health Service Provision ,PT,20
2019,SH_IHR_CAPS,,State Party Annual Report: Health Service Provision ,PT,40
2018,SH_IHR_CAPS,,State Party Annual Report: Risk Communication ,PT,20
2019,SH_IHR_CAPS,,State Party Annual Report: Risk Communication ,PT,20
2018,SH_IHR_CAPS,,State Party Annual Report: Points of entry ,PT,20
2019,SH_IHR_CAPS,,State Party Annual Report: Points of entry ,PT,30
2018,SH_IHR_CAPS,,State Party Annual Report: Chemical events ,PT,0
2019,SH_IHR_CAPS,,State Party Annual Report: Chemical events ,PT,20
2018,SH_IHR_CAPS,,State Party Annual Report: Radiation emergencies ,PT,0
2019,SH_IHR_CAPS,,State Party Annual Report: Radiation emergencies ,PT,20
