Year,SERIES,Reference area,UNIT_MEASURE,Value
2014,Participation rate in organized learning (one year before the official primary entry age) [4.2.2],,Percent,50.7
2019,Participation rate in organized learning (one year before the official primary entry age) [4.2.2],,Percent,82.9
2019,Participation rate in organized learning (one year before the official primary entry age) [4.2.2],Province 1,Percent,81.4
2019,Participation rate in organized learning (one year before the official primary entry age) [4.2.2],Madhesh,Percent,71.5
2019,Participation rate in organized learning (one year before the official primary entry age) [4.2.2],Bagmati,Percent,96.6
2019,Participation rate in organized learning (one year before the official primary entry age) [4.2.2],Gandaki,Percent,97.9
2019,Participation rate in organized learning (one year before the official primary entry age) [4.2.2],Lumbini,Percent,81.3
2019,Participation rate in organized learning (one year before the official primary entry age) [4.2.2],Karnali,Percent,82.1
2019,Participation rate in organized learning (one year before the official primary entry age) [4.2.2],Sudurpashchim,Percent,80.0
2014,Participation rate in organized learning (one year before the official primary entry age) [4.2.2],,Percent,50.7
2019,Participation rate in organized learning (one year before the official primary entry age) [4.2.2],,Percent,82.9
2019,Participation rate in organized learning (one year before the official primary entry age) [4.2.2],Province 1,Percent,81.4
2019,Participation rate in organized learning (one year before the official primary entry age) [4.2.2],Madhesh,Percent,71.5
2019,Participation rate in organized learning (one year before the official primary entry age) [4.2.2],Bagmati,Percent,96.6
2019,Participation rate in organized learning (one year before the official primary entry age) [4.2.2],Gandaki,Percent,97.9
2019,Participation rate in organized learning (one year before the official primary entry age) [4.2.2],Lumbini,Percent,81.3
2019,Participation rate in organized learning (one year before the official primary entry age) [4.2.2],Karnali,Percent,82.1
2019,Participation rate in organized learning (one year before the official primary entry age) [4.2.2],Sudurpashchim,Percent,80.0
