Year,SERIES,Reference area,UNIT_MEASURE,Value
2014,"Proportion of children who are developmentally on track in at least three of the following domains: literacy-numeracy, physical development, social-emotional development, and learning [4.2.1]",,Percent,64.4
2019,"Proportion of children who are developmentally on track in at least three of the following domains: literacy-numeracy, physical development, social-emotional development, and learning [4.2.1]",,Percent,65.2
2019,"Proportion of children who are developmentally on track in at least three of the following domains: literacy-numeracy, physical development, social-emotional development, and learning [4.2.1]",Province 1,Percent,76.9
2019,"Proportion of children who are developmentally on track in at least three of the following domains: literacy-numeracy, physical development, social-emotional development, and learning [4.2.1]",Province 2,Percent,55.8
2019,"Proportion of children who are developmentally on track in at least three of the following domains: literacy-numeracy, physical development, social-emotional development, and learning [4.2.1]",Bagmati,Percent,73.9
2019,"Proportion of children who are developmentally on track in at least three of the following domains: literacy-numeracy, physical development, social-emotional development, and learning [4.2.1]",Gandaki,Percent,79.5
2019,"Proportion of children who are developmentally on track in at least three of the following domains: literacy-numeracy, physical development, social-emotional development, and learning [4.2.1]",Lumbini,Percent,60.0
2019,"Proportion of children who are developmentally on track in at least three of the following domains: literacy-numeracy, physical development, social-emotional development, and learning [4.2.1]",Karnali,Percent,55.0
2019,"Proportion of children who are developmentally on track in at least three of the following domains: literacy-numeracy, physical development, social-emotional development, and learning [4.2.1]",Sudurpashchim,Percent,59.9
