Year,Observation status,Unit multiplier,SERIES,Reference area,Education level,UNIT_MEASURE,Value
2019,Normal value,Units,"Adjusted gender parity index for completion rate, by sex, location, wealth quintile and education level [4.5.1]",Nepal,Primary education,Percent,1.04
2019,Normal value,Units,"Adjusted gender parity index for completion rate, by sex, location, wealth quintile and education level [4.5.1]",Province 1,Primary education,Percent,1.0
2019,Normal value,Units,"Adjusted gender parity index for completion rate, by sex, location, wealth quintile and education level [4.5.1]",Province 2,Primary education,Percent,0.98
2019,Normal value,Units,"Adjusted gender parity index for completion rate, by sex, location, wealth quintile and education level [4.5.1]",Bagmati,Primary education,Percent,1.17
2019,Normal value,Units,"Adjusted gender parity index for completion rate, by sex, location, wealth quintile and education level [4.5.1]",Gandaki,Primary education,Percent,0.96
2019,Normal value,Units,"Adjusted gender parity index for completion rate, by sex, location, wealth quintile and education level [4.5.1]",Lumbini,Primary education,Percent,1.02
2019,Normal value,Units,"Adjusted gender parity index for completion rate, by sex, location, wealth quintile and education level [4.5.1]",Karnali,Primary education,Percent,1.11
2019,Normal value,Units,"Adjusted gender parity index for completion rate, by sex, location, wealth quintile and education level [4.5.1]",Sudurpashchim,Primary education,Percent,0.99
2019,Normal value,Units,"Adjusted gender parity index for completion rate, by sex, location, wealth quintile and education level [4.5.1]",Nepal,Lower secondary education,Percent,1.19
2019,Normal value,Units,"Adjusted gender parity index for completion rate, by sex, location, wealth quintile and education level [4.5.1]",Province 1,Lower secondary education,Percent,1.21
2019,Normal value,Units,"Adjusted gender parity index for completion rate, by sex, location, wealth quintile and education level [4.5.1]",Province 2,Lower secondary education,Percent,1.23
2019,Normal value,Units,"Adjusted gender parity index for completion rate, by sex, location, wealth quintile and education level [4.5.1]",Bagmati,Lower secondary education,Percent,1.15
2019,Normal value,Units,"Adjusted gender parity index for completion rate, by sex, location, wealth quintile and education level [4.5.1]",Gandaki,Lower secondary education,Percent,1.12
2019,Normal value,Units,"Adjusted gender parity index for completion rate, by sex, location, wealth quintile and education level [4.5.1]",Lumbini,Lower secondary education,Percent,1.3
2019,Normal value,Units,"Adjusted gender parity index for completion rate, by sex, location, wealth quintile and education level [4.5.1]",Karnali,Lower secondary education,Percent,1.26
2019,Normal value,Units,"Adjusted gender parity index for completion rate, by sex, location, wealth quintile and education level [4.5.1]",Sudurpashchim,Lower secondary education,Percent,0.94
2014,Normal value,Units,"Adjusted gender parity index for completion rate, by sex, location, wealth quintile and education level [4.5.1]",Nepal,Upper secondary education,Percent,1.02
2019,Normal value,Units,"Adjusted gender parity index for completion rate, by sex, location, wealth quintile and education level [4.5.1]",Nepal,Upper secondary education,Percent,1.07
2019,Normal value,Units,"Adjusted gender parity index for completion rate, by sex, location, wealth quintile and education level [4.5.1]",Province 1,Upper secondary education,Percent,1.13
2019,Normal value,Units,"Adjusted gender parity index for completion rate, by sex, location, wealth quintile and education level [4.5.1]",Province 2,Upper secondary education,Percent,0.83
2019,Normal value,Units,"Adjusted gender parity index for completion rate, by sex, location, wealth quintile and education level [4.5.1]",Bagmati,Upper secondary education,Percent,1.18
2019,Normal value,Units,"Adjusted gender parity index for completion rate, by sex, location, wealth quintile and education level [4.5.1]",Gandaki,Upper secondary education,Percent,1.02
2019,Normal value,Units,"Adjusted gender parity index for completion rate, by sex, location, wealth quintile and education level [4.5.1]",Lumbini,Upper secondary education,Percent,1.17
2019,Normal value,Units,"Adjusted gender parity index for completion rate, by sex, location, wealth quintile and education level [4.5.1]",Karnali,Upper secondary education,Percent,0.97
2019,Normal value,Units,"Adjusted gender parity index for completion rate, by sex, location, wealth quintile and education level [4.5.1]",Sudurpashchim,Upper secondary education,Percent,0.93
