Year,Series,Reference area,Sex,Degree of urbanisation,Income or wealth quantile,Education level,Units,Value
2001,SE_AGP_CPRA,Nepal,,,,Primary education,Ratio,0.73938
2007,SE_AGP_CPRA,Nepal,,,,Primary education,Ratio,0.85299
2011,SE_AGP_CPRA,Nepal,,,,Primary education,Ratio,0.90849
2014,SE_AGP_CPRA,Nepal,,,,Primary education,Ratio,0.9834
2016,SE_AGP_CPRA,Nepal,,,,Primary education,Ratio,0.98054
2001,SE_AGP_CPRA,Nepal,,,,Lower secondary education,Ratio,0.69894
2007,SE_AGP_CPRA,Nepal,,,,Lower secondary education,Ratio,0.75363
2011,SE_AGP_CPRA,Nepal,,,,Lower secondary education,Ratio,0.8297
2014,SE_AGP_CPRA,Nepal,,,,Lower secondary education,Ratio,0.91938
2016,SE_AGP_CPRA,Nepal,,,,Lower secondary education,Ratio,0.9471
2001,SE_AGP_CPRA,Nepal,,,,Upper secondary education,Ratio,0.41728
2007,SE_AGP_CPRA,Nepal,,,,Upper secondary education,Ratio,0.3832
2007,SE_AGP_CPRA,Nepal,,,Quintile 1 (poorest),Primary education,Ratio,0.61054
2011,SE_AGP_CPRA,Nepal,,,Quintile 1 (poorest),Primary education,Ratio,0.82463
2014,SE_AGP_CPRA,Nepal,,,Quintile 1 (poorest),Primary education,Ratio,1.00181
2016,SE_AGP_CPRA,Nepal,,,Quintile 1 (poorest),Primary education,Ratio,0.97744
2007,SE_AGP_CPRA,Nepal,,,Quintile 1 (poorest),Lower secondary education,Ratio,0.59044
2011,SE_AGP_CPRA,Nepal,,,Quintile 1 (poorest),Lower secondary education,Ratio,0.53963
2014,SE_AGP_CPRA,Nepal,,,Quintile 1 (poorest),Lower secondary education,Ratio,0.8766
2016,SE_AGP_CPRA,Nepal,,,Quintile 1 (poorest),Lower secondary education,Ratio,1.05051
2007,SE_AGP_CPRA,Nepal,,,Quintile 1 (poorest),Upper secondary education,Ratio,1.39243
2007,SE_AGP_CPRA,Nepal,,,Quintile 2,Primary education,Ratio,0.79546
2011,SE_AGP_CPRA,Nepal,,,Quintile 2,Primary education,Ratio,0.91487
2014,SE_AGP_CPRA,Nepal,,,Quintile 2,Primary education,Ratio,0.93039
2016,SE_AGP_CPRA,Nepal,,,Quintile 2,Primary education,Ratio,0.95523
2007,SE_AGP_CPRA,Nepal,,,Quintile 2,Lower secondary education,Ratio,0.73949
2011,SE_AGP_CPRA,Nepal,,,Quintile 2,Lower secondary education,Ratio,0.87413
2014,SE_AGP_CPRA,Nepal,,,Quintile 2,Lower secondary education,Ratio,0.81589
2016,SE_AGP_CPRA,Nepal,,,Quintile 2,Lower secondary education,Ratio,1.03334
2007,SE_AGP_CPRA,Nepal,,,Quintile 2,Upper secondary education,Ratio,0.1558
2007,SE_AGP_CPRA,Nepal,,,Quintile 3,Primary education,Ratio,0.84667
2011,SE_AGP_CPRA,Nepal,,,Quintile 3,Primary education,Ratio,0.85836
2014,SE_AGP_CPRA,Nepal,,,Quintile 3,Primary education,Ratio,0.96306
2016,SE_AGP_CPRA,Nepal,,,Quintile 3,Primary education,Ratio,0.94442
2007,SE_AGP_CPRA,Nepal,,,Quintile 3,Lower secondary education,Ratio,0.75478
2011,SE_AGP_CPRA,Nepal,,,Quintile 3,Lower secondary education,Ratio,0.78975
2014,SE_AGP_CPRA,Nepal,,,Quintile 3,Lower secondary education,Ratio,0.8772
2016,SE_AGP_CPRA,Nepal,,,Quintile 3,Lower secondary education,Ratio,0.89249
2007,SE_AGP_CPRA,Nepal,,,Quintile 3,Upper secondary education,Ratio,0.0161
2007,SE_AGP_CPRA,Nepal,,,Quintile 4,Primary education,Ratio,0.95811
2011,SE_AGP_CPRA,Nepal,,,Quintile 4,Primary education,Ratio,1.01025
2014,SE_AGP_CPRA,Nepal,,,Quintile 4,Primary education,Ratio,1.0056
2016,SE_AGP_CPRA,Nepal,,,Quintile 4,Primary education,Ratio,1.0028
2007,SE_AGP_CPRA,Nepal,,,Quintile 4,Lower secondary education,Ratio,0.88735
2011,SE_AGP_CPRA,Nepal,,,Quintile 4,Lower secondary education,Ratio,0.95308
2014,SE_AGP_CPRA,Nepal,,,Quintile 4,Lower secondary education,Ratio,0.93338
2016,SE_AGP_CPRA,Nepal,,,Quintile 4,Lower secondary education,Ratio,0.91316
2007,SE_AGP_CPRA,Nepal,,,Quintile 4,Upper secondary education,Ratio,0.16051
2007,SE_AGP_CPRA,Nepal,,,Quintile 5 (richest),Primary education,Ratio,1.00237
2011,SE_AGP_CPRA,Nepal,,,Quintile 5 (richest),Primary education,Ratio,0.99772
2014,SE_AGP_CPRA,Nepal,,,Quintile 5 (richest),Primary education,Ratio,1.02311
2016,SE_AGP_CPRA,Nepal,,,Quintile 5 (richest),Primary education,Ratio,1.0328
2007,SE_AGP_CPRA,Nepal,,,Quintile 5 (richest),Lower secondary education,Ratio,0.93488
2011,SE_AGP_CPRA,Nepal,,,Quintile 5 (richest),Lower secondary education,Ratio,0.92407
2014,SE_AGP_CPRA,Nepal,,,Quintile 5 (richest),Lower secondary education,Ratio,1.09775
2016,SE_AGP_CPRA,Nepal,,,Quintile 5 (richest),Lower secondary education,Ratio,0.98271
2007,SE_AGP_CPRA,Nepal,,,Quintile 5 (richest),Upper secondary education,Ratio,0.6783
2007,SE_AGP_CPRA,Nepal,,Rural,,Primary education,Ratio,0.83685
2011,SE_AGP_CPRA,Nepal,,Rural,,Primary education,Ratio,0.90143
2014,SE_AGP_CPRA,Nepal,,Rural,,Primary education,Ratio,0.98108
2016,SE_AGP_CPRA,Nepal,,Rural,,Primary education,Ratio,0.93334
2007,SE_AGP_CPRA,Nepal,,Rural,,Lower secondary education,Ratio,0.76197
2011,SE_AGP_CPRA,Nepal,,Rural,,Lower secondary education,Ratio,0.80284
2014,SE_AGP_CPRA,Nepal,,Rural,,Lower secondary education,Ratio,0.89703
2016,SE_AGP_CPRA,Nepal,,Rural,,Lower secondary education,Ratio,0.88781
2007,SE_AGP_CPRA,Nepal,,Rural,,Upper secondary education,Ratio,0.25559
2007,SE_AGP_CPRA,Nepal,,Rural,Quintile 1 (poorest),Primary education,Ratio,0.60395
2011,SE_AGP_CPRA,Nepal,,Rural,Quintile 1 (poorest),Primary education,Ratio,0.82737
2014,SE_AGP_CPRA,Nepal,,Rural,Quintile 1 (poorest),Primary education,Ratio,1.0019
2016,SE_AGP_CPRA,Nepal,,Rural,Quintile 1 (poorest),Primary education,Ratio,0.93545
2007,SE_AGP_CPRA,Nepal,,Rural,Quintile 1 (poorest),Lower secondary education,Ratio,0.60382
2011,SE_AGP_CPRA,Nepal,,Rural,Quintile 1 (poorest),Lower secondary education,Ratio,0.5341
2014,SE_AGP_CPRA,Nepal,,Rural,Quintile 1 (poorest),Lower secondary education,Ratio,0.87646
2016,SE_AGP_CPRA,Nepal,,Rural,Quintile 1 (poorest),Lower secondary education,Ratio,0.9921
2007,SE_AGP_CPRA,Nepal,,Rural,Quintile 1 (poorest),Upper secondary education,Ratio,1.39251
2007,SE_AGP_CPRA,Nepal,,Rural,Quintile 2,Primary education,Ratio,0.79687
2011,SE_AGP_CPRA,Nepal,,Rural,Quintile 2,Primary education,Ratio,0.91049
2014,SE_AGP_CPRA,Nepal,,Rural,Quintile 2,Primary education,Ratio,0.93106
2016,SE_AGP_CPRA,Nepal,,Rural,Quintile 2,Primary education,Ratio,0.92956
2007,SE_AGP_CPRA,Nepal,,Rural,Quintile 2,Lower secondary education,Ratio,0.73005
2011,SE_AGP_CPRA,Nepal,,Rural,Quintile 2,Lower secondary education,Ratio,0.86859
2014,SE_AGP_CPRA,Nepal,,Rural,Quintile 2,Lower secondary education,Ratio,0.81613
2016,SE_AGP_CPRA,Nepal,,Rural,Quintile 2,Lower secondary education,Ratio,0.91774
2007,SE_AGP_CPRA,Nepal,,Rural,Quintile 2,Upper secondary education,Ratio,0.15458
2007,SE_AGP_CPRA,Nepal,,Rural,Quintile 3,Primary education,Ratio,0.83728
2011,SE_AGP_CPRA,Nepal,,Rural,Quintile 3,Primary education,Ratio,0.85978
2014,SE_AGP_CPRA,Nepal,,Rural,Quintile 3,Primary education,Ratio,0.96383
2016,SE_AGP_CPRA,Nepal,,Rural,Quintile 3,Primary education,Ratio,0.90262
2007,SE_AGP_CPRA,Nepal,,Rural,Quintile 3,Lower secondary education,Ratio,0.75835
2011,SE_AGP_CPRA,Nepal,,Rural,Quintile 3,Lower secondary education,Ratio,0.78426
2014,SE_AGP_CPRA,Nepal,,Rural,Quintile 3,Lower secondary education,Ratio,0.88805
2016,SE_AGP_CPRA,Nepal,,Rural,Quintile 3,Lower secondary education,Ratio,0.86419
2007,SE_AGP_CPRA,Nepal,,Rural,Quintile 3,Upper secondary education,Ratio,0.01586
2007,SE_AGP_CPRA,Nepal,,Rural,Quintile 4,Primary education,Ratio,0.95849
2011,SE_AGP_CPRA,Nepal,,Rural,Quintile 4,Primary education,Ratio,1.01776
2014,SE_AGP_CPRA,Nepal,,Rural,Quintile 4,Primary education,Ratio,0.99719
2016,SE_AGP_CPRA,Nepal,,Rural,Quintile 4,Primary education,Ratio,0.97526
2007,SE_AGP_CPRA,Nepal,,Rural,Quintile 4,Lower secondary education,Ratio,0.89946
2011,SE_AGP_CPRA,Nepal,,Rural,Quintile 4,Lower secondary education,Ratio,0.92363
2014,SE_AGP_CPRA,Nepal,,Rural,Quintile 4,Lower secondary education,Ratio,0.89312
2016,SE_AGP_CPRA,Nepal,,Rural,Quintile 4,Lower secondary education,Ratio,0.83704
2007,SE_AGP_CPRA,Nepal,,Rural,Quintile 4,Upper secondary education,Ratio,0.13308
2007,SE_AGP_CPRA,Nepal,,Rural,Quintile 5 (richest),Primary education,Ratio,1.01523
2011,SE_AGP_CPRA,Nepal,,Rural,Quintile 5 (richest),Primary education,Ratio,0.99107
2014,SE_AGP_CPRA,Nepal,,Rural,Quintile 5 (richest),Primary education,Ratio,1.03932
2007,SE_AGP_CPRA,Nepal,,Rural,Quintile 5 (richest),Lower secondary education,Ratio,0.99083
2011,SE_AGP_CPRA,Nepal,,Rural,Quintile 5 (richest),Lower secondary education,Ratio,0.90756
2014,SE_AGP_CPRA,Nepal,,Rural,Quintile 5 (richest),Lower secondary education,Ratio,1.12336
2007,SE_AGP_CPRA,Nepal,,Rural,Quintile 5 (richest),Upper secondary education,Ratio,0.44758
2007,SE_AGP_CPRA,Nepal,,Urban,,Primary education,Ratio,0.97171
2011,SE_AGP_CPRA,Nepal,,Urban,,Primary education,Ratio,0.97849
2014,SE_AGP_CPRA,Nepal,,Urban,,Primary education,Ratio,1.01618
2016,SE_AGP_CPRA,Nepal,,Urban,,Primary education,Ratio,1.02303
2007,SE_AGP_CPRA,Nepal,,Urban,,Lower secondary education,Ratio,0.82932
2011,SE_AGP_CPRA,Nepal,,Urban,,Lower secondary education,Ratio,0.98315
2014,SE_AGP_CPRA,Nepal,,Urban,,Lower secondary education,Ratio,1.06041
2016,SE_AGP_CPRA,Nepal,,Urban,,Lower secondary education,Ratio,0.98168
2007,SE_AGP_CPRA,Nepal,,Urban,,Upper secondary education,Ratio,0.74611
2007,SE_AGP_CPRA,Nepal,,Urban,Quintile 1 (poorest),Primary education,Ratio,0.96475
2014,SE_AGP_CPRA,Nepal,,Urban,Quintile 1 (poorest),Primary education,Ratio,1.04356
2016,SE_AGP_CPRA,Nepal,,Urban,Quintile 1 (poorest),Primary education,Ratio,1.04828
2016,SE_AGP_CPRA,Nepal,,Urban,Quintile 1 (poorest),Lower secondary education,Ratio,1.18613
2011,SE_AGP_CPRA,Nepal,,Urban,Quintile 2,Primary education,Ratio,1.11323
2014,SE_AGP_CPRA,Nepal,,Urban,Quintile 2,Primary education,Ratio,0.94641
2016,SE_AGP_CPRA,Nepal,,Urban,Quintile 2,Primary education,Ratio,0.99114
2007,SE_AGP_CPRA,Nepal,,Urban,Quintile 2,Lower secondary education,Ratio,1.04394
2014,SE_AGP_CPRA,Nepal,,Urban,Quintile 2,Lower secondary education,Ratio,0.79372
2016,SE_AGP_CPRA,Nepal,,Urban,Quintile 2,Lower secondary education,Ratio,1.10151
2007,SE_AGP_CPRA,Nepal,,Urban,Quintile 3,Primary education,Ratio,1.14668
2011,SE_AGP_CPRA,Nepal,,Urban,Quintile 3,Primary education,Ratio,0.83195
2014,SE_AGP_CPRA,Nepal,,Urban,Quintile 3,Primary education,Ratio,0.96314
2016,SE_AGP_CPRA,Nepal,,Urban,Quintile 3,Primary education,Ratio,1.00373
2007,SE_AGP_CPRA,Nepal,,Urban,Quintile 3,Lower secondary education,Ratio,0.69756
2011,SE_AGP_CPRA,Nepal,,Urban,Quintile 3,Lower secondary education,Ratio,0.89921
2014,SE_AGP_CPRA,Nepal,,Urban,Quintile 3,Lower secondary education,Ratio,0.6972
2016,SE_AGP_CPRA,Nepal,,Urban,Quintile 3,Lower secondary education,Ratio,0.91314
2007,SE_AGP_CPRA,Nepal,,Urban,Quintile 4,Primary education,Ratio,0.91117
2011,SE_AGP_CPRA,Nepal,,Urban,Quintile 4,Primary education,Ratio,0.9747
2014,SE_AGP_CPRA,Nepal,,Urban,Quintile 4,Primary education,Ratio,1.03523
2016,SE_AGP_CPRA,Nepal,,Urban,Quintile 4,Primary education,Ratio,1.02845
2007,SE_AGP_CPRA,Nepal,,Urban,Quintile 4,Lower secondary education,Ratio,0.7877
2011,SE_AGP_CPRA,Nepal,,Urban,Quintile 4,Lower secondary education,Ratio,1.09324
2014,SE_AGP_CPRA,Nepal,,Urban,Quintile 4,Lower secondary education,Ratio,1.12292
2016,SE_AGP_CPRA,Nepal,,Urban,Quintile 4,Lower secondary education,Ratio,0.95908
2007,SE_AGP_CPRA,Nepal,,Urban,Quintile 4,Upper secondary education,Ratio,0.35097
2007,SE_AGP_CPRA,Nepal,,Urban,Quintile 5 (richest),Primary education,Ratio,0.98543
2011,SE_AGP_CPRA,Nepal,,Urban,Quintile 5 (richest),Primary education,Ratio,1.00577
2014,SE_AGP_CPRA,Nepal,,Urban,Quintile 5 (richest),Primary education,Ratio,1.00806
2016,SE_AGP_CPRA,Nepal,,Urban,Quintile 5 (richest),Primary education,Ratio,1.03511
2007,SE_AGP_CPRA,Nepal,,Urban,Quintile 5 (richest),Lower secondary education,Ratio,0.89345
2011,SE_AGP_CPRA,Nepal,,Urban,Quintile 5 (richest),Lower secondary education,Ratio,0.94387
2014,SE_AGP_CPRA,Nepal,,Urban,Quintile 5 (richest),Lower secondary education,Ratio,1.09057
2016,SE_AGP_CPRA,Nepal,,Urban,Quintile 5 (richest),Lower secondary education,Ratio,0.99699
2007,SE_AGP_CPRA,Nepal,,Urban,Quintile 5 (richest),Upper secondary education,Ratio,0.86877
2001,SE_ALP_CPLR,Nepal,,,,Primary education,Ratio,0.65225
2007,SE_ALP_CPLR,Nepal,,,,Primary education,Ratio,0.81328
2011,SE_ALP_CPLR,Nepal,,,,Primary education,Ratio,0.85129
2014,SE_ALP_CPLR,Nepal,,,,Primary education,Ratio,0.84995
2016,SE_ALP_CPLR,Nepal,,,,Primary education,Ratio,0.88945
2001,SE_ALP_CPLR,Nepal,,,,Lower secondary education,Ratio,0.43796
2007,SE_ALP_CPLR,Nepal,,,,Lower secondary education,Ratio,0.5936
2011,SE_ALP_CPLR,Nepal,,,,Lower secondary education,Ratio,0.72915
2014,SE_ALP_CPLR,Nepal,,,,Lower secondary education,Ratio,0.75679
2016,SE_ALP_CPLR,Nepal,,,,Lower secondary education,Ratio,0.79705
2001,SE_ALP_CPLR,Nepal,,,,Upper secondary education,Ratio,0.18551
2007,SE_ALP_CPLR,Nepal,,,,Upper secondary education,Ratio,0.25223
2007,SE_ALP_CPLR,Nepal,,,Quintile 1 (poorest),Primary education,Ratio,0.9252
2011,SE_ALP_CPLR,Nepal,,,Quintile 1 (poorest),Primary education,Ratio,1.10734
2014,SE_ALP_CPLR,Nepal,,,Quintile 1 (poorest),Primary education,Ratio,0.89018
2016,SE_ALP_CPLR,Nepal,,,Quintile 1 (poorest),Primary education,Ratio,1.05917
2007,SE_ALP_CPLR,Nepal,,,Quintile 1 (poorest),Lower secondary education,Ratio,1.21454
2011,SE_ALP_CPLR,Nepal,,,Quintile 1 (poorest),Lower secondary education,Ratio,1.27251
2014,SE_ALP_CPLR,Nepal,,,Quintile 1 (poorest),Lower secondary education,Ratio,1.30905
2016,SE_ALP_CPLR,Nepal,,,Quintile 1 (poorest),Lower secondary education,Ratio,1.11078
2007,SE_ALP_CPLR,Nepal,,,Quintile 2,Primary education,Ratio,0.85617
2011,SE_ALP_CPLR,Nepal,,,Quintile 2,Primary education,Ratio,1.20003
2014,SE_ALP_CPLR,Nepal,,,Quintile 2,Primary education,Ratio,0.89684
2016,SE_ALP_CPLR,Nepal,,,Quintile 2,Primary education,Ratio,0.89879
2007,SE_ALP_CPLR,Nepal,,,Quintile 2,Lower secondary education,Ratio,1.13683
2011,SE_ALP_CPLR,Nepal,,,Quintile 2,Lower secondary education,Ratio,1.26771
2014,SE_ALP_CPLR,Nepal,,,Quintile 2,Lower secondary education,Ratio,0.7754
2016,SE_ALP_CPLR,Nepal,,,Quintile 2,Lower secondary education,Ratio,0.94145
2007,SE_ALP_CPLR,Nepal,,,Quintile 2,Upper secondary education,Ratio,2.0
2007,SE_ALP_CPLR,Nepal,,,Quintile 3,Primary education,Ratio,1.16143
2011,SE_ALP_CPLR,Nepal,,,Quintile 3,Primary education,Ratio,1.00399
2014,SE_ALP_CPLR,Nepal,,,Quintile 3,Primary education,Ratio,0.87879
2016,SE_ALP_CPLR,Nepal,,,Quintile 3,Primary education,Ratio,0.83545
2007,SE_ALP_CPLR,Nepal,,,Quintile 3,Lower secondary education,Ratio,1.17179
2011,SE_ALP_CPLR,Nepal,,,Quintile 3,Lower secondary education,Ratio,0.78171
2014,SE_ALP_CPLR,Nepal,,,Quintile 3,Lower secondary education,Ratio,0.93872
2016,SE_ALP_CPLR,Nepal,,,Quintile 3,Lower secondary education,Ratio,0.85868
2007,SE_ALP_CPLR,Nepal,,,Quintile 3,Upper secondary education,Ratio,2.0
2007,SE_ALP_CPLR,Nepal,,,Quintile 4,Primary education,Ratio,1.15087
2011,SE_ALP_CPLR,Nepal,,,Quintile 4,Primary education,Ratio,0.97638
2014,SE_ALP_CPLR,Nepal,,,Quintile 4,Primary education,Ratio,1.07922
2016,SE_ALP_CPLR,Nepal,,,Quintile 4,Primary education,Ratio,0.85931
2007,SE_ALP_CPLR,Nepal,,,Quintile 4,Lower secondary education,Ratio,1.05212
2011,SE_ALP_CPLR,Nepal,,,Quintile 4,Lower secondary education,Ratio,1.07073
2014,SE_ALP_CPLR,Nepal,,,Quintile 4,Lower secondary education,Ratio,1.03118
2016,SE_ALP_CPLR,Nepal,,,Quintile 4,Lower secondary education,Ratio,0.78522
2007,SE_ALP_CPLR,Nepal,,,Quintile 4,Upper secondary education,Ratio,0.84224
2007,SE_ALP_CPLR,Nepal,,,Quintile 5 (richest),Primary education,Ratio,1.02443
2011,SE_ALP_CPLR,Nepal,,,Quintile 5 (richest),Primary education,Ratio,1.02741
2014,SE_ALP_CPLR,Nepal,,,Quintile 5 (richest),Primary education,Ratio,0.92409
2016,SE_ALP_CPLR,Nepal,,,Quintile 5 (richest),Primary education,Ratio,0.90204
2007,SE_ALP_CPLR,Nepal,,,Quintile 5 (richest),Lower secondary education,Ratio,1.04542
2011,SE_ALP_CPLR,Nepal,,,Quintile 5 (richest),Lower secondary education,Ratio,1.01071
2014,SE_ALP_CPLR,Nepal,,,Quintile 5 (richest),Lower secondary education,Ratio,0.93809
2016,SE_ALP_CPLR,Nepal,,,Quintile 5 (richest),Lower secondary education,Ratio,0.78997
2007,SE_ALP_CPLR,Nepal,,,Quintile 5 (richest),Upper secondary education,Ratio,0.79655
2007,SE_ALP_CPLR,Nepal,Female,,,Primary education,Ratio,0.75656
2011,SE_ALP_CPLR,Nepal,Female,,,Primary education,Ratio,0.81823
2014,SE_ALP_CPLR,Nepal,Female,,,Primary education,Ratio,0.83505
2016,SE_ALP_CPLR,Nepal,Female,,,Primary education,Ratio,0.8511
2007,SE_ALP_CPLR,Nepal,Female,,,Lower secondary education,Ratio,0.58037
2011,SE_ALP_CPLR,Nepal,Female,,,Lower secondary education,Ratio,0.66285
2014,SE_ALP_CPLR,Nepal,Female,,,Lower secondary education,Ratio,0.69327
2016,SE_ALP_CPLR,Nepal,Female,,,Lower secondary education,Ratio,0.76164
2007,SE_ALP_CPLR,Nepal,Female,,,Upper secondary education,Ratio,0.14262
2007,SE_ALP_CPLR,Nepal,Female,,Quintile 1 (poorest),Primary education,Ratio,0.72084
2011,SE_ALP_CPLR,Nepal,Female,,Quintile 1 (poorest),Primary education,Ratio,1.26204
2014,SE_ALP_CPLR,Nepal,Female,,Quintile 1 (poorest),Primary education,Ratio,0.86882
2016,SE_ALP_CPLR,Nepal,Female,,Quintile 1 (poorest),Primary education,Ratio,1.00399
2007,SE_ALP_CPLR,Nepal,Female,,Quintile 1 (poorest),Lower secondary education,Ratio,1.65765
2016,SE_ALP_CPLR,Nepal,Female,,Quintile 1 (poorest),Lower secondary education,Ratio,1.04351
2007,SE_ALP_CPLR,Nepal,Female,,Quintile 2,Primary education,Ratio,0.88728
2011,SE_ALP_CPLR,Nepal,Female,,Quintile 2,Primary education,Ratio,1.11191
2014,SE_ALP_CPLR,Nepal,Female,,Quintile 2,Primary education,Ratio,0.89337
2016,SE_ALP_CPLR,Nepal,Female,,Quintile 2,Primary education,Ratio,0.87515
2007,SE_ALP_CPLR,Nepal,Female,,Quintile 2,Lower secondary education,Ratio,0.98573
2011,SE_ALP_CPLR,Nepal,Female,,Quintile 2,Lower secondary education,Ratio,1.17932
2014,SE_ALP_CPLR,Nepal,Female,,Quintile 2,Lower secondary education,Ratio,0.78215
2016,SE_ALP_CPLR,Nepal,Female,,Quintile 2,Lower secondary education,Ratio,0.86552
2007,SE_ALP_CPLR,Nepal,Female,,Quintile 2,Upper secondary education,Ratio,2.0
2007,SE_ALP_CPLR,Nepal,Female,,Quintile 3,Primary education,Ratio,0.99813
2011,SE_ALP_CPLR,Nepal,Female,,Quintile 3,Primary education,Ratio,1.01674
2014,SE_ALP_CPLR,Nepal,Female,,Quintile 3,Primary education,Ratio,0.88019
2016,SE_ALP_CPLR,Nepal,Female,,Quintile 3,Primary education,Ratio,0.79419
2007,SE_ALP_CPLR,Nepal,Female,,Quintile 3,Lower secondary education,Ratio,1.18553
2011,SE_ALP_CPLR,Nepal,Female,,Quintile 3,Lower secondary education,Ratio,0.73255
2014,SE_ALP_CPLR,Nepal,Female,,Quintile 3,Lower secondary education,Ratio,1.04895
2016,SE_ALP_CPLR,Nepal,Female,,Quintile 3,Lower secondary education,Ratio,0.83604
2007,SE_ALP_CPLR,Nepal,Female,,Quintile 3,Upper secondary education,Ratio,2.0
2007,SE_ALP_CPLR,Nepal,Female,,Quintile 4,Primary education,Ratio,1.17749
2011,SE_ALP_CPLR,Nepal,Female,,Quintile 4,Primary education,Ratio,1.00075
2014,SE_ALP_CPLR,Nepal,Female,,Quintile 4,Primary education,Ratio,1.06031
2016,SE_ALP_CPLR,Nepal,Female,,Quintile 4,Primary education,Ratio,0.83689
2007,SE_ALP_CPLR,Nepal,Female,,Quintile 4,Lower secondary education,Ratio,1.11993
2011,SE_ALP_CPLR,Nepal,Female,,Quintile 4,Lower secondary education,Ratio,0.98951
2014,SE_ALP_CPLR,Nepal,Female,,Quintile 4,Lower secondary education,Ratio,0.89951
2016,SE_ALP_CPLR,Nepal,Female,,Quintile 4,Lower secondary education,Ratio,0.74007
2007,SE_ALP_CPLR,Nepal,Female,,Quintile 4,Upper secondary education,Ratio,0.43981
2007,SE_ALP_CPLR,Nepal,Female,,Quintile 5 (richest),Primary education,Ratio,1.03765
2011,SE_ALP_CPLR,Nepal,Female,,Quintile 5 (richest),Primary education,Ratio,1.02033
2014,SE_ALP_CPLR,Nepal,Female,,Quintile 5 (richest),Primary education,Ratio,0.94002
2007,SE_ALP_CPLR,Nepal,Female,,Quintile 5 (richest),Lower secondary education,Ratio,1.09951
2011,SE_ALP_CPLR,Nepal,Female,,Quintile 5 (richest),Lower secondary education,Ratio,0.99057
2014,SE_ALP_CPLR,Nepal,Female,,Quintile 5 (richest),Lower secondary education,Ratio,0.94515
2007,SE_ALP_CPLR,Nepal,Female,,Quintile 5 (richest),Upper secondary education,Ratio,0.58188
2007,SE_ALP_CPLR,Nepal,Male,,,Primary education,Ratio,0.87848
2011,SE_ALP_CPLR,Nepal,Male,,,Primary education,Ratio,0.88818
2014,SE_ALP_CPLR,Nepal,Male,,,Primary education,Ratio,0.86515
2016,SE_ALP_CPLR,Nepal,Male,,,Primary education,Ratio,0.93338
2007,SE_ALP_CPLR,Nepal,Male,,,Lower secondary education,Ratio,0.63167
2011,SE_ALP_CPLR,Nepal,Male,,,Lower secondary education,Ratio,0.81173
2014,SE_ALP_CPLR,Nepal,Male,,,Lower secondary education,Ratio,0.82254
2016,SE_ALP_CPLR,Nepal,Male,,,Lower secondary education,Ratio,0.84217
2007,SE_ALP_CPLR,Nepal,Male,,,Upper secondary education,Ratio,0.41635
2007,SE_ALP_CPLR,Nepal,Male,,Quintile 1 (poorest),Primary education,Ratio,1.13155
2014,SE_ALP_CPLR,Nepal,Male,,Quintile 1 (poorest),Primary education,Ratio,0.90666
2016,SE_ALP_CPLR,Nepal,Male,,Quintile 1 (poorest),Primary education,Ratio,1.11327
2014,SE_ALP_CPLR,Nepal,Male,,Quintile 1 (poorest),Lower secondary education,Ratio,1.26865
2016,SE_ALP_CPLR,Nepal,Male,,Quintile 1 (poorest),Lower secondary education,Ratio,1.22768
2011,SE_ALP_CPLR,Nepal,Male,,Quintile 2,Primary education,Ratio,1.28296
2014,SE_ALP_CPLR,Nepal,Male,,Quintile 2,Primary education,Ratio,0.9081
2016,SE_ALP_CPLR,Nepal,Male,,Quintile 2,Primary education,Ratio,0.93312
2007,SE_ALP_CPLR,Nepal,Male,,Quintile 2,Lower secondary education,Ratio,1.29192
2014,SE_ALP_CPLR,Nepal,Male,,Quintile 2,Lower secondary education,Ratio,0.76067
2016,SE_ALP_CPLR,Nepal,Male,,Quintile 2,Lower secondary education,Ratio,1.04731
2007,SE_ALP_CPLR,Nepal,Male,,Quintile 3,Primary education,Ratio,1.2842
2011,SE_ALP_CPLR,Nepal,Male,,Quintile 3,Primary education,Ratio,0.9841
2014,SE_ALP_CPLR,Nepal,Male,,Quintile 3,Primary education,Ratio,0.87956
2016,SE_ALP_CPLR,Nepal,Male,,Quintile 3,Primary education,Ratio,0.88317
2007,SE_ALP_CPLR,Nepal,Male,,Quintile 3,Lower secondary education,Ratio,1.11455
2011,SE_ALP_CPLR,Nepal,Male,,Quintile 3,Lower secondary education,Ratio,0.83991
2014,SE_ALP_CPLR,Nepal,Male,,Quintile 3,Lower secondary education,Ratio,0.8255
2016,SE_ALP_CPLR,Nepal,Male,,Quintile 3,Lower secondary education,Ratio,0.8834
2007,SE_ALP_CPLR,Nepal,Male,,Quintile 4,Primary education,Ratio,1.13477
2011,SE_ALP_CPLR,Nepal,Male,,Quintile 4,Primary education,Ratio,0.95812
2014,SE_ALP_CPLR,Nepal,Male,,Quintile 4,Primary education,Ratio,1.09596
2016,SE_ALP_CPLR,Nepal,Male,,Quintile 4,Primary education,Ratio,0.88324
2007,SE_ALP_CPLR,Nepal,Male,,Quintile 4,Lower secondary education,Ratio,0.99509
2011,SE_ALP_CPLR,Nepal,Male,,Quintile 4,Lower secondary education,Ratio,1.15361
2014,SE_ALP_CPLR,Nepal,Male,,Quintile 4,Lower secondary education,Ratio,1.12915
2016,SE_ALP_CPLR,Nepal,Male,,Quintile 4,Lower secondary education,Ratio,0.84797
2007,SE_ALP_CPLR,Nepal,Male,,Quintile 4,Upper secondary education,Ratio,1.13784
2007,SE_ALP_CPLR,Nepal,Male,,Quintile 5 (richest),Primary education,Ratio,1.00832
2011,SE_ALP_CPLR,Nepal,Male,,Quintile 5 (richest),Primary education,Ratio,1.03468
2014,SE_ALP_CPLR,Nepal,Male,,Quintile 5 (richest),Primary education,Ratio,0.91039
2007,SE_ALP_CPLR,Nepal,Male,,Quintile 5 (richest),Lower secondary education,Ratio,1.00137
2011,SE_ALP_CPLR,Nepal,Male,,Quintile 5 (richest),Lower secondary education,Ratio,1.02931
2014,SE_ALP_CPLR,Nepal,Male,,Quintile 5 (richest),Lower secondary education,Ratio,0.91108
2007,SE_ALP_CPLR,Nepal,Male,,Quintile 5 (richest),Upper secondary education,Ratio,1.1146
2007,SE_AWP_CPRA,Nepal,,,,Primary education,Ratio,0.55649
2011,SE_AWP_CPRA,Nepal,,,,Primary education,Ratio,0.61983
2014,SE_AWP_CPRA,Nepal,,,,Primary education,Ratio,0.80908
2016,SE_AWP_CPRA,Nepal,,,,Primary education,Ratio,0.86351
2007,SE_AWP_CPRA,Nepal,,,,Lower secondary education,Ratio,0.31793
2011,SE_AWP_CPRA,Nepal,,,,Lower secondary education,Ratio,0.4023
2014,SE_AWP_CPRA,Nepal,,,,Lower secondary education,Ratio,0.59583
2016,SE_AWP_CPRA,Nepal,,,,Lower secondary education,Ratio,0.62465
2007,SE_AWP_CPRA,Nepal,,,,Upper secondary education,Ratio,0.03307
2007,SE_AWP_CPRA,Nepal,,Rural,,Primary education,Ratio,0.54828
2011,SE_AWP_CPRA,Nepal,,Rural,,Primary education,Ratio,0.61416
2014,SE_AWP_CPRA,Nepal,,Rural,,Primary education,Ratio,0.84359
2016,SE_AWP_CPRA,Nepal,,Rural,,Primary education,Ratio,0.97213
2007,SE_AWP_CPRA,Nepal,,Rural,,Lower secondary education,Ratio,0.31078
2011,SE_AWP_CPRA,Nepal,,Rural,,Lower secondary education,Ratio,0.40251
2014,SE_AWP_CPRA,Nepal,,Rural,,Lower secondary education,Ratio,0.62454
2016,SE_AWP_CPRA,Nepal,,Rural,,Lower secondary education,Ratio,0.81122
2007,SE_AWP_CPRA,Nepal,,Rural,,Upper secondary education,Ratio,0.03889
2007,SE_AWP_CPRA,Nepal,,Urban,,Primary education,Ratio,0.60745
2011,SE_AWP_CPRA,Nepal,,Urban,,Primary education,Ratio,0.56369
2014,SE_AWP_CPRA,Nepal,,Urban,,Primary education,Ratio,0.87573
2016,SE_AWP_CPRA,Nepal,,Urban,,Primary education,Ratio,0.82502
2007,SE_AWP_CPRA,Nepal,,Urban,,Lower secondary education,Ratio,0.25572
2011,SE_AWP_CPRA,Nepal,,Urban,,Lower secondary education,Ratio,0.29599
2014,SE_AWP_CPRA,Nepal,,Urban,,Lower secondary education,Ratio,0.40481
2016,SE_AWP_CPRA,Nepal,,Urban,,Lower secondary education,Ratio,0.56984
2007,SE_AWP_CPRA,Nepal,Female,,,Primary education,Ratio,0.42789
2011,SE_AWP_CPRA,Nepal,Female,,,Primary education,Ratio,0.56839
2014,SE_AWP_CPRA,Nepal,Female,,,Primary education,Ratio,0.80009
2016,SE_AWP_CPRA,Nepal,Female,,,Primary education,Ratio,0.83959
2007,SE_AWP_CPRA,Nepal,Female,,,Lower secondary education,Ratio,0.26151
2011,SE_AWP_CPRA,Nepal,Female,,,Lower secondary education,Ratio,0.30767
2014,SE_AWP_CPRA,Nepal,Female,,,Lower secondary education,Ratio,0.53086
2016,SE_AWP_CPRA,Nepal,Female,,,Lower secondary education,Ratio,0.64301
2007,SE_AWP_CPRA,Nepal,Female,,,Upper secondary education,Ratio,0.0474
2007,SE_AWP_CPRA,Nepal,Female,Rural,,Primary education,Ratio,0.41699
2011,SE_AWP_CPRA,Nepal,Female,Rural,,Primary education,Ratio,0.56604
2014,SE_AWP_CPRA,Nepal,Female,Rural,,Primary education,Ratio,0.82665
2007,SE_AWP_CPRA,Nepal,Female,Rural,,Lower secondary education,Ratio,0.25018
2011,SE_AWP_CPRA,Nepal,Female,Rural,,Lower secondary education,Ratio,0.30905
2014,SE_AWP_CPRA,Nepal,Female,Rural,,Lower secondary education,Ratio,0.55271
2007,SE_AWP_CPRA,Nepal,Female,Rural,,Upper secondary education,Ratio,0.06723
2007,SE_AWP_CPRA,Nepal,Female,Urban,,Primary education,Ratio,0.60111
2011,SE_AWP_CPRA,Nepal,Female,Urban,,Primary education,Ratio,0.42638
2014,SE_AWP_CPRA,Nepal,Female,Urban,,Primary education,Ratio,0.89439
2016,SE_AWP_CPRA,Nepal,Female,Urban,,Primary education,Ratio,0.83066
2007,SE_AWP_CPRA,Nepal,Female,Urban,,Lower secondary education,Ratio,0.09511
2016,SE_AWP_CPRA,Nepal,Female,Urban,,Lower secondary education,Ratio,0.61178
2007,SE_AWP_CPRA,Nepal,Male,,,Primary education,Ratio,0.70251
2011,SE_AWP_CPRA,Nepal,Male,,,Primary education,Ratio,0.68769
2014,SE_AWP_CPRA,Nepal,Male,,,Primary education,Ratio,0.81753
2016,SE_AWP_CPRA,Nepal,Male,,,Primary education,Ratio,0.8881
2007,SE_AWP_CPRA,Nepal,Male,,,Lower secondary education,Ratio,0.41407
2011,SE_AWP_CPRA,Nepal,Male,,,Lower secondary education,Ratio,0.52686
2014,SE_AWP_CPRA,Nepal,Male,,,Lower secondary education,Ratio,0.67119
2016,SE_AWP_CPRA,Nepal,Male,,,Lower secondary education,Ratio,0.59997
2007,SE_AWP_CPRA,Nepal,Male,,,Upper secondary education,Ratio,0.01953
2007,SE_AWP_CPRA,Nepal,Male,Rural,,Primary education,Ratio,0.70111
2011,SE_AWP_CPRA,Nepal,Male,Rural,,Primary education,Ratio,0.67803
2014,SE_AWP_CPRA,Nepal,Male,Rural,,Primary education,Ratio,0.85885
2007,SE_AWP_CPRA,Nepal,Male,Rural,,Lower secondary education,Ratio,0.41052
2011,SE_AWP_CPRA,Nepal,Male,Rural,,Lower secondary education,Ratio,0.52515
2014,SE_AWP_CPRA,Nepal,Male,Rural,,Lower secondary education,Ratio,0.71935
2007,SE_AWP_CPRA,Nepal,Male,Rural,,Upper secondary education,Ratio,0.01828
2007,SE_AWP_CPRA,Nepal,Male,Urban,,Primary education,Ratio,0.61399
2014,SE_AWP_CPRA,Nepal,Male,Urban,,Primary education,Ratio,0.86239
2016,SE_AWP_CPRA,Nepal,Male,Urban,,Primary education,Ratio,0.81932
2014,SE_AWP_CPRA,Nepal,Male,Urban,,Lower secondary education,Ratio,0.47931
2016,SE_AWP_CPRA,Nepal,Male,Urban,,Lower secondary education,Ratio,0.49642
2008,Gender parity index for participation rate in formal and non-formal education and training,Nepal,,,,,Ratio,0.312727179618072
2011,Gender parity index for participation rate in organized learning (one year before the official primary entry age),Nepal,,,,,Ratio,1.10474
2014,Gender parity index for participation rate in organized learning (one year before the official primary entry age),Nepal,,,,,Ratio,0.99238
2015,Gender parity index for participation rate in organized learning (one year before the official primary entry age),Nepal,,,,,Ratio,0.96029
2016,Gender parity index for participation rate in organized learning (one year before the official primary entry age),Nepal,,,,,Ratio,0.93215
2017,Gender parity index for participation rate in organized learning (one year before the official primary entry age),Nepal,,,,,Ratio,0.88944
2019,Gender parity index for participation rate in organized learning (one year before the official primary entry age),Nepal,,,,,Ratio,0.91143
2008,Gender parity index of trained teachers,Nepal,,,,Secondary education (lower and upper secondary education),Ratio,1.03501
2010,Gender parity index of trained teachers,Nepal,,,,Secondary education (lower and upper secondary education),Ratio,1.02885
2011,Gender parity index of trained teachers,Nepal,,,,Secondary education (lower and upper secondary education),Ratio,1.02093
2013,Gender parity index of trained teachers,Nepal,,,,Secondary education (lower and upper secondary education),Ratio,0.98162
2014,Gender parity index of trained teachers,Nepal,,,,Secondary education (lower and upper secondary education),Ratio,0.98159
2015,Gender parity index of trained teachers,Nepal,,,,Secondary education (lower and upper secondary education),Ratio,0.97563
2019,Gender parity index of trained teachers,Nepal,,,,Secondary education (lower and upper secondary education),Ratio,0.91888
2010,Gender parity index of trained teachers,Nepal,,,,Pre-primary education,Ratio,1.22458
2011,Gender parity index of trained teachers,Nepal,,,,Pre-primary education,Ratio,1.14222
2012,Gender parity index of trained teachers,Nepal,,,,Pre-primary education,Ratio,1.73479
2013,Gender parity index of trained teachers,Nepal,,,,Pre-primary education,Ratio,1.9661
2014,Gender parity index of trained teachers,Nepal,,,,Pre-primary education,Ratio,2.2321
2015,Gender parity index of trained teachers,Nepal,,,,Pre-primary education,Ratio,2.41418
2016,Gender parity index of trained teachers,Nepal,,,,Pre-primary education,Ratio,1.79051
2017,Gender parity index of trained teachers,Nepal,,,,Pre-primary education,Ratio,1.81144
2019,Gender parity index of trained teachers,Nepal,,,,Pre-primary education,Ratio,2.03382
2001,Gender parity index of trained teachers,Nepal,,,,Primary education,Ratio,0.84935
2002,Gender parity index of trained teachers,Nepal,,,,Primary education,Ratio,0.78902
2003,Gender parity index of trained teachers,Nepal,,,,Primary education,Ratio,0.77887
2004,Gender parity index of trained teachers,Nepal,,,,Primary education,Ratio,0.80123
2005,Gender parity index of trained teachers,Nepal,,,,Primary education,Ratio,0.84493
2007,Gender parity index of trained teachers,Nepal,,,,Primary education,Ratio,0.89537
2008,Gender parity index of trained teachers,Nepal,,,,Primary education,Ratio,0.98292
2010,Gender parity index of trained teachers,Nepal,,,,Primary education,Ratio,0.973
2011,Gender parity index of trained teachers,Nepal,,,,Primary education,Ratio,0.98133
2012,Gender parity index of trained teachers,Nepal,,,,Primary education,Ratio,0.99543
2013,Gender parity index of trained teachers,Nepal,,,,Primary education,Ratio,0.99493
2014,Gender parity index of trained teachers,Nepal,,,,Primary education,Ratio,0.99115
2015,Gender parity index of trained teachers,Nepal,,,,Primary education,Ratio,0.9945
2016,Gender parity index of trained teachers,Nepal,,,,Primary education,Ratio,1.00402
2017,Gender parity index of trained teachers,Nepal,,,,Primary education,Ratio,1.00395
2019,Gender parity index of trained teachers,Nepal,,,,Primary education,Ratio,0.97557
2000,Gender parity index of trained teachers,Nepal,,,,Lower secondary education,Ratio,1.02694
2002,Gender parity index of trained teachers,Nepal,,,,Lower secondary education,Ratio,0.92976
2003,Gender parity index of trained teachers,Nepal,,,,Lower secondary education,Ratio,0.82174
2007,Gender parity index of trained teachers,Nepal,,,,Lower secondary education,Ratio,1.14561
2008,Gender parity index of trained teachers,Nepal,,,,Lower secondary education,Ratio,1.11299
2010,Gender parity index of trained teachers,Nepal,,,,Lower secondary education,Ratio,1.11046
2011,Gender parity index of trained teachers,Nepal,,,,Lower secondary education,Ratio,1.00597
2012,Gender parity index of trained teachers,Nepal,,,,Lower secondary education,Ratio,0.98147
2013,Gender parity index of trained teachers,Nepal,,,,Lower secondary education,Ratio,0.97834
2014,Gender parity index of trained teachers,Nepal,,,,Lower secondary education,Ratio,0.97967
2015,Gender parity index of trained teachers,Nepal,,,,Lower secondary education,Ratio,0.983
2016,Gender parity index of trained teachers,Nepal,,,,Lower secondary education,Ratio,1.00868
2017,Gender parity index of trained teachers,Nepal,,,,Lower secondary education,Ratio,1.00904
2019,Gender parity index of trained teachers,Nepal,,,,Lower secondary education,Ratio,0.93066
2008,Gender parity index of trained teachers,Nepal,,,,Upper secondary education,Ratio,1.01186
2010,Gender parity index of trained teachers,Nepal,,,,Upper secondary education,Ratio,1.05284
2011,Gender parity index of trained teachers,Nepal,,,,Upper secondary education,Ratio,1.09219
2013,Gender parity index of trained teachers,Nepal,,,,Upper secondary education,Ratio,0.98818
2014,Gender parity index of trained teachers,Nepal,,,,Upper secondary education,Ratio,0.98578
2015,Gender parity index of trained teachers,Nepal,,,,Upper secondary education,Ratio,0.97606
2019,Gender parity index of trained teachers,Nepal,,,,Upper secondary education,Ratio,0.88254
