Year,Series,Reference area,Sex,Age,Degree of urbanisation,Income or wealth quantile,Education level,Occupation,Custom Breakdown,COMPOSITE_BREAKDOWN,Disability status,Economic activity,Type of product,Units,Value
2011,Proportion of schools with access to computers for pedagogical purposes,,None,None,None,None,Primary education,None,None,None,None,None,None,Percent,0.33962
2011,Proportion of schools with access to computers for pedagogical purposes,,None,None,None,None,Lower secondary education,None,None,None,None,None,None,Percent,1.27314
2011,Proportion of schools with access to computers for pedagogical purposes,,None,None,None,None,Upper secondary education,None,None,None,None,None,None,Percent,8.47808
2011,Proportion of schools with access to electricity,,None,None,None,None,Primary education,None,None,None,None,None,None,Percent,6.59344
2011,Proportion of schools with access to electricity,,None,None,None,None,Lower secondary education,None,None,None,None,None,None,Percent,12.52199
2011,Proportion of schools with access to electricity,,None,None,None,None,Upper secondary education,None,None,None,None,None,None,Percent,47.29746
2016,Proportion of schools with access to basic drinking water,,None,None,None,None,Primary education,None,None,None,None,None,None,Percent,39.01046
