Year,SDG Series,Sex,Age,Unit of measure,Value
2016,Proportion of ever-partnered women and girls subjected to physical and sexual violence by a current or former intimate partner in the previous 12 months,Female,15 to 19 years old,Percent,17.0
2016,Proportion of ever-partnered women and girls subjected to physical and sexual violence by a current or former intimate partner in the previous 12 months,Female,15 to 49 years old,Percent,11.2
2016,Proportion of ever-partnered women and girls subjected to physical and sexual violence by a current or former intimate partner in the previous 12 months,Female,20 to 24 years old,Percent,12.4
2016,Proportion of ever-partnered women and girls subjected to physical and sexual violence by a current or former intimate partner in the previous 12 months,Female,25 to 29 years old,Percent,12.0
2016,Proportion of ever-partnered women and girls subjected to physical and sexual violence by a current or former intimate partner in the previous 12 months,Female,30 to 34 years old,Percent,11.4
2016,Proportion of ever-partnered women and girls subjected to physical and sexual violence by a current or former intimate partner in the previous 12 months,Female,35 to 39 years old,Percent,11.0
2016,Proportion of ever-partnered women and girls subjected to physical and sexual violence by a current or former intimate partner in the previous 12 months,Female,40 to 44 years old,Percent,7.0
2016,Proportion of ever-partnered women and girls subjected to physical and sexual violence by a current or former intimate partner in the previous 12 months,Female,45 to 49 years old,Percent,9.8
