Year,Series,Reference area,Sex,Age,Units,Value
2011,"Proportion of women who make their own informed decisions regarding sexual relations, contraceptive use and reproductive health care (% of women aged 15-49 years) [5.6.1]",,Female,15 to 49 years old,Percent,59.5
2016,"Proportion of women who make their own informed decisions regarding sexual relations, contraceptive use and reproductive health care (% of women aged 15-49 years) [5.6.1]",,Female,15 to 49 years old,Percent,47.7
2011,Proportion of women who make their own informed decisions regarding contraceptive use (% of women aged 15-49 years) [5.6.1],,Female,15 to 49 years old,Percent,87.4
2016,Proportion of women who make their own informed decisions regarding contraceptive use (% of women aged 15-49 years) [5.6.1],,Female,15 to 49 years old,Percent,85.2
2011,Proportion of women who make their own informed decisions regarding reproductive health care (% of women aged 15-49 years) [5.6.1],,Female,15 to 49 years old,Percent,69.8
2016,Proportion of women who make their own informed decisions regarding reproductive health care (% of women aged 15-49 years) [5.6.1],,Female,15 to 49 years old,Percent,59.1
2011,Proportion of women who make their own informed decisions regarding sexual relations (% of women aged 15-49 years) [5.6.1],,Female,15 to 49 years old,Percent,94.3
2016,Proportion of women who make their own informed decisions regarding sexual relations (% of women aged 15-49 years) [5.6.1],,Female,15 to 49 years old,Percent,91.4
