Year,Series,Reference area,Sex,Age,Degree of urbanisation,Income or wealth quantile,Education level,Occupation,Custom Breakdown,COMPOSITE_BREAKDOWN,Disability status,Economic activity,Type of product,Units,Value
2011,"Proportion of women who make their own informed decisions regarding sexual relations, contraceptive use and reproductive health care (% of women aged 15-49 years)",,Female,15 to 49 years old,None,None,None,None,None,None,None,None,None,Percent,59.5
2016,"Proportion of women who make their own informed decisions regarding sexual relations, contraceptive use and reproductive health care (% of women aged 15-49 years)",,Female,15 to 49 years old,None,None,None,None,None,None,None,None,None,Percent,47.7
2011,Proportion of women who make their own informed decisions regarding contraceptive use (% of women aged 15-49 years),,Female,15 to 49 years old,None,None,None,None,None,None,None,None,None,Percent,87.4
2016,Proportion of women who make their own informed decisions regarding contraceptive use (% of women aged 15-49 years),,Female,15 to 49 years old,None,None,None,None,None,None,None,None,None,Percent,85.2
2011,Proportion of women who make their own informed decisions regarding reproductive health care (% of women aged 15-49 years),,Female,15 to 49 years old,None,None,None,None,None,None,None,None,None,Percent,69.8
2016,Proportion of women who make their own informed decisions regarding reproductive health care (% of women aged 15-49 years),,Female,15 to 49 years old,None,None,None,None,None,None,None,None,None,Percent,59.1
2011,Proportion of women who make their own informed decisions regarding sexual relations (% of women aged 15-49 years),,Female,15 to 49 years old,None,None,None,None,None,None,None,None,None,Percent,94.3
2016,Proportion of women who make their own informed decisions regarding sexual relations (% of women aged 15-49 years),,Female,15 to 49 years old,None,None,None,None,None,None,None,None,None,Percent,91.4
