Year,Observation status,Unit multiplier,SERIES,Reference area,UNIT_MEASURE,Value
2019,Normal value,Units,Proportion of population using safely managed drinking water services [6.1.1],Nepal,Percent,19.1
2019,Normal value,Units,Proportion of population using safely managed drinking water services [6.1.1],Province 1,Percent,34.7
2019,Normal value,Units,Proportion of population using safely managed drinking water services [6.1.1],Province 2,Percent,24.5
2019,Normal value,Units,Proportion of population using safely managed drinking water services [6.1.1],Bagmati,Percent,14.9
2019,Normal value,Units,Proportion of population using safely managed drinking water services [6.1.1],Gandaki,Percent,10.5
2019,Normal value,Units,Proportion of population using safely managed drinking water services [6.1.1],Lumbini,Percent,14.8
2019,Normal value,Units,Proportion of population using safely managed drinking water services [6.1.1],Karnali,Percent,3.5
2019,Normal value,Units,Proportion of population using safely managed drinking water services [6.1.1],Sudurpashchim,Percent,14.7
