Year,Series,Reference area,Units,Value
2000,Level of water stress: freshwater withdrawal as a proportion of available freshwater resources [6.4.2],,Percent,8.4
2001,Level of water stress: freshwater withdrawal as a proportion of available freshwater resources [6.4.2],,Percent,8.4
2002,Level of water stress: freshwater withdrawal as a proportion of available freshwater resources [6.4.2],,Percent,8.3
2003,Level of water stress: freshwater withdrawal as a proportion of available freshwater resources [6.4.2],,Percent,8.3
2004,Level of water stress: freshwater withdrawal as a proportion of available freshwater resources [6.4.2],,Percent,8.3
2005,Level of water stress: freshwater withdrawal as a proportion of available freshwater resources [6.4.2],,Percent,8.3
2006,Level of water stress: freshwater withdrawal as a proportion of available freshwater resources [6.4.2],,Percent,8.3
2007,Level of water stress: freshwater withdrawal as a proportion of available freshwater resources [6.4.2],,Percent,8.3
2008,Level of water stress: freshwater withdrawal as a proportion of available freshwater resources [6.4.2],,Percent,8.3
2009,Level of water stress: freshwater withdrawal as a proportion of available freshwater resources [6.4.2],,Percent,8.3
2010,Level of water stress: freshwater withdrawal as a proportion of available freshwater resources [6.4.2],,Percent,8.3
2011,Level of water stress: freshwater withdrawal as a proportion of available freshwater resources [6.4.2],,Percent,8.3
2012,Level of water stress: freshwater withdrawal as a proportion of available freshwater resources [6.4.2],,Percent,8.3
2013,Level of water stress: freshwater withdrawal as a proportion of available freshwater resources [6.4.2],,Percent,8.3
2014,Level of water stress: freshwater withdrawal as a proportion of available freshwater resources [6.4.2],,Percent,8.3
2015,Level of water stress: freshwater withdrawal as a proportion of available freshwater resources [6.4.2],,Percent,8.31
2016,Level of water stress: freshwater withdrawal as a proportion of available freshwater resources [6.4.2],,Percent,8.31
2017,Level of water stress: freshwater withdrawal as a proportion of available freshwater resources [6.4.2],,Percent,8.31
2018,Level of water stress: freshwater withdrawal as a proportion of available freshwater resources [6.4.2],,Percent,8.31
