Year,Series,Reference area,Units,Value
2000,EG_EGY_CLEAN,,PT,7
2001,EG_EGY_CLEAN,,PT,8
2002,EG_EGY_CLEAN,,PT,9
2003,EG_EGY_CLEAN,,PT,10
2004,EG_EGY_CLEAN,,PT,12
2005,EG_EGY_CLEAN,,PT,14
2006,EG_EGY_CLEAN,,PT,15
2007,EG_EGY_CLEAN,,PT,17
2008,EG_EGY_CLEAN,,PT,18
2009,EG_EGY_CLEAN,,PT,20
2010,EG_EGY_CLEAN,,PT,21
2011,EG_EGY_CLEAN,,PT,22
2012,EG_EGY_CLEAN,,PT,24
2013,EG_EGY_CLEAN,,PT,25
2014,EG_EGY_CLEAN,,PT,26
2015,EG_EGY_CLEAN,,PT,27
2016,EG_EGY_CLEAN,,PT,28
2017,EG_EGY_CLEAN,,PT,29
2018,EG_EGY_CLEAN,,PT,29
