Year,SDG Series,Sex,Age,Unit of measure,Value
2011,Proportion of adults (15 years and older) with an account at a financial institution or mobile-money-service provider (% of adults aged 15 years and older),,15 years old and over,Percent,25.31
2014,Proportion of adults (15 years and older) with an account at a financial institution or mobile-money-service provider (% of adults aged 15 years and older),,15 years old and over,Percent,33.8
2017,Proportion of adults (15 years and older) with an account at a financial institution or mobile-money-service provider (% of adults aged 15 years and older),,15 years old and over,Percent,45.39
2011,Proportion of adults (15 years and older) with an account at a financial institution or mobile-money-service provider (% of adults aged 15 years and older),Female,15 years old and over,Percent,21.22
2014,Proportion of adults (15 years and older) with an account at a financial institution or mobile-money-service provider (% of adults aged 15 years and older),Female,15 years old and over,Percent,31.27
2017,Proportion of adults (15 years and older) with an account at a financial institution or mobile-money-service provider (% of adults aged 15 years and older),Female,15 years old and over,Percent,41.6
2011,Proportion of adults (15 years and older) with an account at a financial institution or mobile-money-service provider (% of adults aged 15 years and older),Male,15 years old and over,Percent,29.56
2014,Proportion of adults (15 years and older) with an account at a financial institution or mobile-money-service provider (% of adults aged 15 years and older),Male,15 years old and over,Percent,36.72
2017,Proportion of adults (15 years and older) with an account at a financial institution or mobile-money-service provider (% of adults aged 15 years and older),Male,15 years old and over,Percent,49.98
