Year,Series,Reference area,Sex,Age,Units,Value
2011,FB_BNK_ACCSS,,,15 years old and over,PT,25.31
2014,FB_BNK_ACCSS,,,15 years old and over,PT,33.8
2017,FB_BNK_ACCSS,,,15 years old and over,PT,45.39
2011,FB_BNK_ACCSS,,Female,15 years old and over,PT,21.22
2014,FB_BNK_ACCSS,,Female,15 years old and over,PT,31.27
2017,FB_BNK_ACCSS,,Female,15 years old and over,PT,41.6
2011,FB_BNK_ACCSS,,Male,15 years old and over,PT,29.56
2014,FB_BNK_ACCSS,,Male,15 years old and over,PT,36.72
2017,FB_BNK_ACCSS,,Male,15 years old and over,PT,49.98
