Year,Series,Reference area,Sex,Age,Degree of urbanisation,Income or wealth quantile,Education level,Occupation,Custom Breakdown,COMPOSITE_BREAKDOWN,Disability status,Economic activity,Type of product,Units,Value
2011,Proportion of adults (15 years and older) with an account at a financial institution or mobile-money-service provider (% of adults aged 15 years and older),,None,15 years old and over,None,None,None,None,None,None,None,None,None,Percent,25.31
2014,Proportion of adults (15 years and older) with an account at a financial institution or mobile-money-service provider (% of adults aged 15 years and older),,None,15 years old and over,None,None,None,None,None,None,None,None,None,Percent,33.8
2017,Proportion of adults (15 years and older) with an account at a financial institution or mobile-money-service provider (% of adults aged 15 years and older),,None,15 years old and over,None,None,None,None,None,None,None,None,None,Percent,45.39
2011,Proportion of adults (15 years and older) with an account at a financial institution or mobile-money-service provider (% of adults aged 15 years and older),,Female,15 years old and over,None,None,None,None,None,None,None,None,None,Percent,21.22
2014,Proportion of adults (15 years and older) with an account at a financial institution or mobile-money-service provider (% of adults aged 15 years and older),,Female,15 years old and over,None,None,None,None,None,None,None,None,None,Percent,31.27
2017,Proportion of adults (15 years and older) with an account at a financial institution or mobile-money-service provider (% of adults aged 15 years and older),,Female,15 years old and over,None,None,None,None,None,None,None,None,None,Percent,41.6
2011,Proportion of adults (15 years and older) with an account at a financial institution or mobile-money-service provider (% of adults aged 15 years and older),,Male,15 years old and over,None,None,None,None,None,None,None,None,None,Percent,29.56
2014,Proportion of adults (15 years and older) with an account at a financial institution or mobile-money-service provider (% of adults aged 15 years and older),,Male,15 years old and over,None,None,None,None,None,None,None,None,None,Percent,36.72
2017,Proportion of adults (15 years and older) with an account at a financial institution or mobile-money-service provider (% of adults aged 15 years and older),,Male,15 years old and over,None,None,None,None,None,None,None,None,None,Percent,49.98
