Year,SDG Series,Sex,Age,Unit of measure,Value
2008,"Proportion of youth not in education, employment or training [8.6.1]",,15 to 24 years old,Percent,23.1
2017,"Proportion of youth not in education, employment or training [8.6.1]",,15 to 24 years old,Percent,32.1
2008,"Proportion of youth not in education, employment or training [8.6.1]",Female,15 to 24 years old,Percent,24.1
2017,"Proportion of youth not in education, employment or training [8.6.1]",Female,15 to 24 years old,Percent,42.0
2008,"Proportion of youth not in education, employment or training [8.6.1]",Male,15 to 24 years old,Percent,21.9
2017,"Proportion of youth not in education, employment or training [8.6.1]",Male,15 to 24 years old,Percent,20.0
