Year,Series,Reference area,Sex,Age,Units,Value
2008,"Proportion of youth not in education, employment or training [8.6.1]",,,15 to 24 years old,Percent,23.1
2017,"Proportion of youth not in education, employment or training [8.6.1]",,,15 to 24 years old,Percent,35.4
2008,"Proportion of youth not in education, employment or training [8.6.1]",,Female,15 to 24 years old,Percent,24.1
2017,"Proportion of youth not in education, employment or training [8.6.1]",,Female,15 to 24 years old,Percent,46.6
2008,"Proportion of youth not in education, employment or training [8.6.1]",,Male,15 to 24 years old,Percent,21.9
2017,"Proportion of youth not in education, employment or training [8.6.1]",,Male,15 to 24 years old,Percent,21.5
