Year,Series,Reference area,Sex,Age,Units,Value
2014,Proportion of children engaged in economic activity,Nepal,,5 to 17 years old,Percent,19.03
2014,Proportion of children engaged in economic activity,Nepal,Female,5 to 17 years old,Percent,19.25039
2014,Proportion of children engaged in economic activity,Nepal,Male,5 to 17 years old,Percent,19.15775
2014,Proportion of children engaged in economic activity and household chores,Nepal,,5 to 17 years old,Percent,21.71
2014,Proportion of children engaged in economic activity and household chores,Nepal,Female,5 to 17 years old,Percent,23.07
2014,Proportion of children engaged in economic activity and household chores,Nepal,Male,5 to 17 years old,Percent,20.29
