Year,Series,Composite breakdown,Units,Value
2017,IS_RDP_FRGVOL,Mode of Transport: Air,T_KM,4566839.9023
2018,IS_RDP_FRGVOL,Mode of Transport: Air,T_KM,4655766.324
2018,IS_RDP_FRGVOL,Mode of transport: Inland waterway transport,T_KM,0.0
2018,IS_RDP_FRGVOL,Mode of Transport: Rail,T_KM,0.0
2018,IS_RDP_FRGVOL,Mode of Transport: Road,T_KM,6847541232.27044
2017,IS_RDP_PFVOL,Mode of Transport: Air,P_KM,1970060556.36
2018,IS_RDP_PFVOL,Mode of Transport: Air,P_KM,2269399668.0
2018,IS_RDP_PFVOL,Mode of Transport: Rail,P_KM,3635427323.33271
2018,IS_RDP_PFVOL,Mode of Transport: Road,P_KM,17311604297.0744
