Year,SERIES,UNIT_MEASURE,BASE_PER,Value
2000,NV_IND_MANF,PT,,7.87
2001,NV_IND_MANF,PT,,7.73
2002,NV_IND_MANF,PT,,7.31
2003,NV_IND_MANF,PT,,7.03
2004,NV_IND_MANF,PT,,6.86
2005,NV_IND_MANF,PT,,6.81
2006,NV_IND_MANF,PT,,6.72
2007,NV_IND_MANF,PT,,6.66
2008,NV_IND_MANF,PT,,6.22
2009,NV_IND_MANF,PT,,5.89
2010,NV_IND_MANF,PT,,5.79
2011,NV_IND_MANF,PT,,5.82
2012,NV_IND_MANF,PT,,5.76
2013,NV_IND_MANF,PT,,5.73
2014,NV_IND_MANF,PT,,5.75
2015,NV_IND_MANF,PT,,5.59
2016,NV_IND_MANF,PT,,5.12
2017,NV_IND_MANF,PT,,5.22
2018,NV_IND_MANF,PT,,5.3
2019,NV_IND_MANF,PT,,5.41
2000,NV_IND_MANFPC,CON_USD,2015,37.4
2001,NV_IND_MANFPC,CON_USD,2015,38.1
2002,NV_IND_MANFPC,CON_USD,2015,35.5
2003,NV_IND_MANFPC,CON_USD,2015,35.1
2004,NV_IND_MANFPC,CON_USD,2015,35.3
2005,NV_IND_MANFPC,CON_USD,2015,35.8
2006,NV_IND_MANFPC,CON_USD,2015,36.1
2007,NV_IND_MANFPC,CON_USD,2015,36.5
2008,NV_IND_MANFPC,CON_USD,2015,35.8
2009,NV_IND_MANFPC,CON_USD,2015,35.2
2010,NV_IND_MANFPC,CON_USD,2015,36.1
2011,NV_IND_MANFPC,CON_USD,2015,37.5
2012,NV_IND_MANFPC,CON_USD,2015,38.9
2013,NV_IND_MANFPC,CON_USD,2015,40.5
2014,NV_IND_MANFPC,CON_USD,2015,43.0
2015,NV_IND_MANFPC,CON_USD,2015,43.0
2016,NV_IND_MANFPC,CON_USD,2015,39.2
2017,NV_IND_MANFPC,CON_USD,2015,42.4
2018,NV_IND_MANFPC,CON_USD,2015,45.2
2019,NV_IND_MANFPC,CON_USD,2015,48.5
