Year,UNIT_MULT,SOURCE_DETAIL,SERIES,UNIT_MEASURE,BASE_PER,Value
2000,6,"IEA (2019), CO2 Emissions from Fuel Combustion. https://www.iea.org/statistics",EN_ATM_CO2,T,,3.1
2001,6,"IEA (2019), CO2 Emissions from Fuel Combustion. https://www.iea.org/statistics",EN_ATM_CO2,T,,3.35
2002,6,"IEA (2019), CO2 Emissions from Fuel Combustion. https://www.iea.org/statistics",EN_ATM_CO2,T,,2.671
2003,6,"IEA (2019), CO2 Emissions from Fuel Combustion. https://www.iea.org/statistics",EN_ATM_CO2,T,,2.905
2004,6,"IEA (2019), CO2 Emissions from Fuel Combustion. https://www.iea.org/statistics",EN_ATM_CO2,T,,2.697
2005,6,"IEA (2019), CO2 Emissions from Fuel Combustion. https://www.iea.org/statistics",EN_ATM_CO2,T,,3.074
2006,6,"IEA (2019), CO2 Emissions from Fuel Combustion. https://www.iea.org/statistics",EN_ATM_CO2,T,,2.501
2007,6,"IEA (2019), CO2 Emissions from Fuel Combustion. https://www.iea.org/statistics",EN_ATM_CO2,T,,2.578
2008,6,"IEA (2019), CO2 Emissions from Fuel Combustion. https://www.iea.org/statistics",EN_ATM_CO2,T,,2.882
2009,6,"IEA (2019), CO2 Emissions from Fuel Combustion. https://www.iea.org/statistics",EN_ATM_CO2,T,,3.427
2010,6,"IEA (2019), CO2 Emissions from Fuel Combustion. https://www.iea.org/statistics",EN_ATM_CO2,T,,4.122
2011,6,"IEA (2019), CO2 Emissions from Fuel Combustion. https://www.iea.org/statistics",EN_ATM_CO2,T,,4.405
2012,6,"IEA (2019), CO2 Emissions from Fuel Combustion. https://www.iea.org/statistics",EN_ATM_CO2,T,,4.972
2013,6,"IEA (2019), CO2 Emissions from Fuel Combustion. https://www.iea.org/statistics",EN_ATM_CO2,T,,4.945
2014,6,"IEA (2019), CO2 Emissions from Fuel Combustion. https://www.iea.org/statistics",EN_ATM_CO2,T,,5.949
2015,6,"IEA (2019), CO2 Emissions from Fuel Combustion. https://www.iea.org/statistics",EN_ATM_CO2,T,,5.694
2016,6,"IEA (2019), CO2 Emissions from Fuel Combustion. https://www.iea.org/statistics",EN_ATM_CO2,T,,8.504
2017,6,"IEA (2019), CO2 Emissions from Fuel Combustion. https://www.iea.org/statistics",EN_ATM_CO2,T,,10.114
2000,0,IEA CO2 Emissions from Fuel Combustion Statistics 2019.,EN_ATM_CO2GDP,KG_PER_CON_USD,2010,0.08656
2001,0,IEA CO2 Emissions from Fuel Combustion Statistics 2019.,EN_ATM_CO2GDP,KG_PER_CON_USD,2010,0.08926
2002,0,IEA CO2 Emissions from Fuel Combustion Statistics 2019.,EN_ATM_CO2GDP,KG_PER_CON_USD,2010,0.07107
2003,0,IEA CO2 Emissions from Fuel Combustion Statistics 2019.,EN_ATM_CO2GDP,KG_PER_CON_USD,2010,0.07436
2004,0,IEA CO2 Emissions from Fuel Combustion Statistics 2019.,EN_ATM_CO2GDP,KG_PER_CON_USD,2010,0.06595
2005,0,IEA CO2 Emissions from Fuel Combustion Statistics 2019.,EN_ATM_CO2GDP,KG_PER_CON_USD,2010,0.07265
2006,0,IEA CO2 Emissions from Fuel Combustion Statistics 2019.,EN_ATM_CO2GDP,KG_PER_CON_USD,2010,0.05718
2007,0,IEA CO2 Emissions from Fuel Combustion Statistics 2019.,EN_ATM_CO2GDP,KG_PER_CON_USD,2010,0.057
2008,0,IEA CO2 Emissions from Fuel Combustion Statistics 2019.,EN_ATM_CO2GDP,KG_PER_CON_USD,2010,0.06006
2009,0,IEA CO2 Emissions from Fuel Combustion Statistics 2019.,EN_ATM_CO2GDP,KG_PER_CON_USD,2010,0.06832
2010,0,IEA CO2 Emissions from Fuel Combustion Statistics 2019.,EN_ATM_CO2GDP,KG_PER_CON_USD,2010,0.07839
2011,0,IEA CO2 Emissions from Fuel Combustion Statistics 2019.,EN_ATM_CO2GDP,KG_PER_CON_USD,2010,0.081
2012,0,IEA CO2 Emissions from Fuel Combustion Statistics 2019.,EN_ATM_CO2GDP,KG_PER_CON_USD,2010,0.08725
2013,0,IEA CO2 Emissions from Fuel Combustion Statistics 2019.,EN_ATM_CO2GDP,KG_PER_CON_USD,2010,0.08334
2014,0,IEA CO2 Emissions from Fuel Combustion Statistics 2019.,EN_ATM_CO2GDP,KG_PER_CON_USD,2010,0.0946
2015,0,IEA CO2 Emissions from Fuel Combustion Statistics 2019.,EN_ATM_CO2GDP,KG_PER_CON_USD,2010,0.08763
2016,0,IEA CO2 Emissions from Fuel Combustion Statistics 2019.,EN_ATM_CO2GDP,KG_PER_CON_USD,2010,0.13011
2017,0,IEA CO2 Emissions from Fuel Combustion Statistics 2019.,EN_ATM_CO2GDP,KG_PER_CON_USD,2010,0.14341
2000,0,"UNIDO MVA 2020 Database. Available at https://stat.unido.org. IEA (2019), CO2 Emissions from Fuel Combustion. https://www.iea.org/statistics",EN_ATM_CO2MVA,KG_PER_CON_USD,2010,1.25
2001,0,"UNIDO MVA 2020 Database. Available at https://stat.unido.org. IEA (2019), CO2 Emissions from Fuel Combustion. https://www.iea.org/statistics",EN_ATM_CO2MVA,KG_PER_CON_USD,2010,1.37
2002,0,"UNIDO MVA 2020 Database. Available at https://stat.unido.org. IEA (2019), CO2 Emissions from Fuel Combustion. https://www.iea.org/statistics",EN_ATM_CO2MVA,KG_PER_CON_USD,2010,0.73
2003,0,"UNIDO MVA 2020 Database. Available at https://stat.unido.org. IEA (2019), CO2 Emissions from Fuel Combustion. https://www.iea.org/statistics",EN_ATM_CO2MVA,KG_PER_CON_USD,2010,0.88
2004,0,"UNIDO MVA 2020 Database. Available at https://stat.unido.org. IEA (2019), CO2 Emissions from Fuel Combustion. https://www.iea.org/statistics",EN_ATM_CO2MVA,KG_PER_CON_USD,2010,0.74
2005,0,"UNIDO MVA 2020 Database. Available at https://stat.unido.org. IEA (2019), CO2 Emissions from Fuel Combustion. https://www.iea.org/statistics",EN_ATM_CO2MVA,KG_PER_CON_USD,2010,1.11
2006,0,"UNIDO MVA 2020 Database. Available at https://stat.unido.org. IEA (2019), CO2 Emissions from Fuel Combustion. https://www.iea.org/statistics",EN_ATM_CO2MVA,KG_PER_CON_USD,2010,0.66
2007,0,"UNIDO MVA 2020 Database. Available at https://stat.unido.org. IEA (2019), CO2 Emissions from Fuel Combustion. https://www.iea.org/statistics",EN_ATM_CO2MVA,KG_PER_CON_USD,2010,0.84
2008,0,"UNIDO MVA 2020 Database. Available at https://stat.unido.org. IEA (2019), CO2 Emissions from Fuel Combustion. https://www.iea.org/statistics",EN_ATM_CO2MVA,KG_PER_CON_USD,2010,0.79
2009,0,"UNIDO MVA 2020 Database. Available at https://stat.unido.org. IEA (2019), CO2 Emissions from Fuel Combustion. https://www.iea.org/statistics",EN_ATM_CO2MVA,KG_PER_CON_USD,2010,0.8
2010,0,"UNIDO MVA 2020 Database. Available at https://stat.unido.org. IEA (2019), CO2 Emissions from Fuel Combustion. https://www.iea.org/statistics",EN_ATM_CO2MVA,KG_PER_CON_USD,2010,1.26
2011,0,"UNIDO MVA 2020 Database. Available at https://stat.unido.org. IEA (2019), CO2 Emissions from Fuel Combustion. https://www.iea.org/statistics",EN_ATM_CO2MVA,KG_PER_CON_USD,2010,1.43
2012,0,"UNIDO MVA 2020 Database. Available at https://stat.unido.org. IEA (2019), CO2 Emissions from Fuel Combustion. https://www.iea.org/statistics",EN_ATM_CO2MVA,KG_PER_CON_USD,2010,1.65
2013,0,"UNIDO MVA 2020 Database. Available at https://stat.unido.org. IEA (2019), CO2 Emissions from Fuel Combustion. https://www.iea.org/statistics",EN_ATM_CO2MVA,KG_PER_CON_USD,2010,1.24
2014,0,"UNIDO MVA 2020 Database. Available at https://stat.unido.org. IEA (2019), CO2 Emissions from Fuel Combustion. https://www.iea.org/statistics",EN_ATM_CO2MVA,KG_PER_CON_USD,2010,1.68
2015,0,"UNIDO MVA 2020 Database. Available at https://stat.unido.org. IEA (2019), CO2 Emissions from Fuel Combustion. https://www.iea.org/statistics",EN_ATM_CO2MVA,KG_PER_CON_USD,2010,1.92
2016,0,"UNIDO MVA 2020 Database. Available at https://stat.unido.org. IEA (2019), CO2 Emissions from Fuel Combustion. https://www.iea.org/statistics",EN_ATM_CO2MVA,KG_PER_CON_USD,2010,2.6
2017,0,"UNIDO MVA 2020 Database. Available at https://stat.unido.org. IEA (2019), CO2 Emissions from Fuel Combustion. https://www.iea.org/statistics",EN_ATM_CO2MVA,KG_PER_CON_USD,2010,2.72
