Year,Series,REF_AREA,SEX,AGE,URBANISATION,INCOME_WEALTH_QUANTILE,EDUCATION_LEV,OCCUPATION,CUST_BREAKDOWN,COMPOSITE_BREAKDOWN,DISABILITY_STATUS,ACTIVITY,PRODUCT,Units,Value
1990,EN_LND_SLUM,,None,None,None,None,None,None,None,None,None,None,None,PT,70.6
1995,EN_LND_SLUM,,None,None,None,None,None,None,None,None,None,None,None,PT,67.3
2000,EN_LND_SLUM,,None,None,None,None,None,None,None,None,None,None,None,PT,64.0
2005,EN_LND_SLUM,,None,None,None,None,None,None,None,None,None,None,None,PT,60.7
2010,EN_LND_SLUM,,None,None,None,None,None,None,None,None,None,None,None,PT,58.1
2014,EN_LND_SLUM,,None,None,None,None,None,None,None,None,None,None,None,PT,54.3
2016,EN_LND_SLUM,,None,None,None,None,None,None,None,None,None,None,None,PT,51.0
2018,EN_LND_SLUM,,None,None,None,None,None,None,None,None,None,None,None,PT,49.3
