Year,SERIES,REF_AREA,UNIT_MEASURE,Value
2014,SG_REG_BRTH,,PT,58.1
2019,SG_REG_BRTH,,PT,77.2
2019,SG_REG_BRTH,NP1,PT,78.4
2019,SG_REG_BRTH,NP2,PT,76.1
2019,SG_REG_BRTH,NP3,PT,70.8
2019,SG_REG_BRTH,NP4,PT,73.8
2019,SG_REG_BRTH,NP5,PT,76.7
2019,SG_REG_BRTH,NP6,PT,84.4
2019,SG_REG_BRTH,NP7,PT,89.1
2014,SG_REG_BRTH,,PT,58.1
2019,SG_REG_BRTH,,PT,77.2
2019,SG_REG_BRTH,NP1,PT,78.4
2019,SG_REG_BRTH,NP2,PT,76.1
2019,SG_REG_BRTH,NP3,PT,70.8
2019,SG_REG_BRTH,NP4,PT,73.8
2019,SG_REG_BRTH,NP5,PT,76.7
2019,SG_REG_BRTH,NP6,PT,84.4
2019,SG_REG_BRTH,NP7,PT,89.1
