Year,Series,REF_AREA,SEX,AGE,URBANISATION,INCOME_WEALTH_QUANTILE,EDUCATION_LEV,OCCUPATION,CUST_BREAKDOWN,COMPOSITE_BREAKDOWN,DISABILITY_STATUS,ACTIVITY,PRODUCT,Units,Value
2005,SG_NHR_IMPLN,,None,None,None,None,None,None,None,None,None,None,None,NUMBER,1
2010,SG_NHR_IMPLN,,None,None,None,None,None,None,None,None,None,None,None,NUMBER,1
2015,SG_NHR_IMPLN,,None,None,None,None,None,None,None,None,None,None,None,NUMBER,1
2016,SG_NHR_IMPLN,,None,None,None,None,None,None,None,None,None,None,None,NUMBER,1
2017,SG_NHR_IMPLN,,None,None,None,None,None,None,None,None,None,None,None,NUMBER,1
2018,SG_NHR_IMPLN,,None,None,None,None,None,None,None,None,None,None,None,NUMBER,1
2019,SG_NHR_IMPLN,,None,None,None,None,None,None,None,None,None,None,None,NUMBER,1
2000,SG_NHR_NOAPPLN,,None,None,None,None,None,None,None,None,None,None,None,NUMBER,1
