Year,Series,REF_AREA,SEX,AGE,URBANISATION,INCOME_WEALTH_QUANTILE,EDUCATION_LEV,OCCUPATION,CUST_BREAKDOWN,COMPOSITE_BREAKDOWN,DISABILITY_STATUS,ACTIVITY,PRODUCT,Units,Value
2019,SG_STT_NSDSFDDNR,,None,None,None,None,None,None,None,None,None,None,None,NUMBER,1
2019,SG_STT_NSDSFDGVT,,None,None,None,None,None,None,None,None,None,None,None,NUMBER,1
2019,SG_STT_NSDSFND,,None,None,None,None,None,None,None,None,None,None,None,NUMBER,0
2019,SG_STT_NSDSIMPL,,None,None,None,None,None,None,None,None,None,None,None,NUMBER,1
