Year,Series,REF_AREA,SEX,AGE,URBANISATION,INCOME_WEALTH_QUANTILE,EDUCATION_LEV,OCCUPATION,CUST_BREAKDOWN,COMPOSITE_BREAKDOWN,DISABILITY_STATUS,ACTIVITY,PRODUCT,Units,Value
2015,SG_REG_BRTH90N,,None,None,None,None,None,None,None,None,None,None,None,NUMBER,0
2016,SG_REG_BRTH90N,,None,None,None,None,None,None,None,None,None,None,None,NUMBER,0
2017,SG_REG_BRTH90N,,None,None,None,None,None,None,None,None,None,None,None,NUMBER,0
2018,SG_REG_BRTH90N,,None,None,None,None,None,None,None,None,None,None,None,NUMBER,0
2011,SG_REG_CENSUSN,,None,None,None,None,None,None,None,None,None,None,None,NUMBER,1
2015,SG_REG_DETH75N,,None,None,None,None,None,None,None,None,None,None,None,NUMBER,0
2016,SG_REG_DETH75N,,None,None,None,None,None,None,None,None,None,None,None,NUMBER,0
2017,SG_REG_DETH75N,,None,None,None,None,None,None,None,None,None,None,None,NUMBER,0
2018,SG_REG_DETH75N,,None,None,None,None,None,None,None,None,None,None,None,NUMBER,0
