Year,Series,REF_AREA,Units,Value
2000,GF_COM_PPPI,524,USD,15.1
2001,GF_COM_PPPI,524,USD,0.0
2002,GF_COM_PPPI,524,USD,4.9
2003,GF_COM_PPPI,524,USD,30.55
2004,GF_COM_PPPI,524,USD,5.5
2005,GF_COM_PPPI,524,USD,17.5
2006,GF_COM_PPPI,524,USD,0.0
2007,GF_COM_PPPI,524,USD,0.0
2008,GF_COM_PPPI,524,USD,4.6
2009,GF_COM_PPPI,524,USD,0.0
2010,GF_COM_PPPI,524,USD,43.6
2011,GF_COM_PPPI,524,USD,107.3
2012,GF_COM_PPPI,524,USD,966.2
2013,GF_COM_PPPI,524,USD,0.0
2014,GF_COM_PPPI,524,USD,158.9
2015,GF_COM_PPPI,524,USD,350.0
2016,GF_COM_PPPI,524,USD,26.07
2017,GF_COM_PPPI,524,USD,151.1
2018,GF_COM_PPPI,524,USD,21.4
2019,GF_COM_PPPI,524,USD,647.2
2000,GF_COM_PPPI_KD,524,CON_USD,22.41828
2001,GF_COM_PPPI_KD,524,CON_USD,0.0
2002,GF_COM_PPPI_KD,524,CON_USD,6.9644
2003,GF_COM_PPPI_KD,524,CON_USD,42.45708
2004,GF_COM_PPPI_KD,524,CON_USD,7.44436
2005,GF_COM_PPPI_KD,524,CON_USD,22.90935
2006,GF_COM_PPPI_KD,524,CON_USD,0.0
2007,GF_COM_PPPI_KD,524,CON_USD,0.0
2008,GF_COM_PPPI_KD,524,CON_USD,5.46219
2009,GF_COM_PPPI_KD,524,CON_USD,0.0
2010,GF_COM_PPPI_KD,524,CON_USD,50.85332
2011,GF_COM_PPPI_KD,524,CON_USD,121.95315
2012,GF_COM_PPPI_KD,524,CON_USD,1075.88303
2013,GF_COM_PPPI_KD,524,CON_USD,0.0
2014,GF_COM_PPPI_KD,524,CON_USD,171.60015
2015,GF_COM_PPPI_KD,524,CON_USD,377.52603
2016,GF_COM_PPPI_KD,524,CON_USD,27.76996
2017,GF_COM_PPPI_KD,524,CON_USD,157.59587
2018,GF_COM_PPPI_KD,524,CON_USD,21.78781
2019,GF_COM_PPPI_KD,524,CON_USD,647.20001
