Year,Series,REF_AREA,SEX,AGE,URBANISATION,INCOME_WEALTH_QUANTILE,EDUCATION_LEV,OCCUPATION,CUST_BREAKDOWN,COMPOSITE_BREAKDOWN,DISABILITY_STATUS,ACTIVITY,PRODUCT,Units,Value
2018,SG_PLN_RECNDI,,None,None,None,None,None,None,None,None,None,None,None,PT,88.2352948188781
2018,SG_PLN_RECRICTRY,,None,None,None,None,None,None,None,None,None,None,None,PT,62.3408079147338
2018,SG_PLN_RECRIMON,,None,None,None,None,None,None,None,None,None,None,None,PT,46.3491767644882
2018,SG_PLN_REPOLRES,,None,None,None,None,None,None,None,None,None,None,None,PT,65.6417598327001
