Year,Series,PRODUCT,Units,Value
2000,TM_TAX_DMFN,,PT,6.92531
2005,TM_TAX_DMFN,,PT,6.25313
2010,TM_TAX_DMFN,,PT,6.1825
2011,TM_TAX_DMFN,,PT,6.18238
2012,TM_TAX_DMFN,,PT,6.36848
2013,TM_TAX_DMFN,,PT,6.36717
2014,TM_TAX_DMFN,,PT,6.33957
2015,TM_TAX_DMFN,,PT,6.34105
2016,TM_TAX_DMFN,,PT,6.33107
2017,TM_TAX_DMFN,,PT,6.179
2018,TM_TAX_DMFN,,PT,6.31693
2000,TM_TAX_DMFN,AGG_AGR,PT,3.46175
2005,TM_TAX_DMFN,AGG_AGR,PT,3.9354
2010,TM_TAX_DMFN,AGG_AGR,PT,4.43889
2011,TM_TAX_DMFN,AGG_AGR,PT,4.38648
2012,TM_TAX_DMFN,AGG_AGR,PT,3.94934
2013,TM_TAX_DMFN,AGG_AGR,PT,3.98802
2014,TM_TAX_DMFN,AGG_AGR,PT,3.98503
2015,TM_TAX_DMFN,AGG_AGR,PT,3.97345
2016,TM_TAX_DMFN,AGG_AGR,PT,4.10699
2017,TM_TAX_DMFN,AGG_AGR,PT,3.61612
2018,TM_TAX_DMFN,AGG_AGR,PT,3.67105
2000,TM_TAX_DMFN,AGG_ARMS,PT,2.46399
2005,TM_TAX_DMFN,AGG_ARMS,PT,1.55734
2010,TM_TAX_DMFN,AGG_ARMS,PT,1.55734
2011,TM_TAX_DMFN,AGG_ARMS,PT,1.55734
2012,TM_TAX_DMFN,AGG_ARMS,PT,1.55734
2013,TM_TAX_DMFN,AGG_ARMS,PT,1.55734
2014,TM_TAX_DMFN,AGG_ARMS,PT,1.55737
2015,TM_TAX_DMFN,AGG_ARMS,PT,1.55737
2016,TM_TAX_DMFN,AGG_ARMS,PT,1.55735
2017,TM_TAX_DMFN,AGG_ARMS,PT,1.22688
2018,TM_TAX_DMFN,AGG_ARMS,PT,1.55734
2000,TM_TAX_DMFN,AGG_CLTH,PT,11.49487
2005,TM_TAX_DMFN,AGG_CLTH,PT,10.47261
2010,TM_TAX_DMFN,AGG_CLTH,PT,10.39069
2011,TM_TAX_DMFN,AGG_CLTH,PT,10.39065
2012,TM_TAX_DMFN,AGG_CLTH,PT,10.3907
2013,TM_TAX_DMFN,AGG_CLTH,PT,10.38198
2014,TM_TAX_DMFN,AGG_CLTH,PT,10.38116
2015,TM_TAX_DMFN,AGG_CLTH,PT,10.32755
2016,TM_TAX_DMFN,AGG_CLTH,PT,10.32676
2017,TM_TAX_DMFN,AGG_CLTH,PT,10.13377
2018,TM_TAX_DMFN,AGG_CLTH,PT,10.33233
2000,TM_TAX_DMFN,AGG_IND,PT,2.97075
2005,TM_TAX_DMFN,AGG_IND,PT,2.31926
2010,TM_TAX_DMFN,AGG_IND,PT,2.24529
2011,TM_TAX_DMFN,AGG_IND,PT,2.24524
2012,TM_TAX_DMFN,AGG_IND,PT,2.66256
2013,TM_TAX_DMFN,AGG_IND,PT,2.66829
2014,TM_TAX_DMFN,AGG_IND,PT,2.60759
2015,TM_TAX_DMFN,AGG_IND,PT,2.66386
2016,TM_TAX_DMFN,AGG_IND,PT,2.63841
2017,TM_TAX_DMFN,AGG_IND,PT,2.50534
2018,TM_TAX_DMFN,AGG_IND,PT,2.60226
2000,TM_TAX_DMFN,AGG_TXT,PT,4.19712
2005,TM_TAX_DMFN,AGG_TXT,PT,4.97401
2010,TM_TAX_DMFN,AGG_TXT,PT,4.96091
2011,TM_TAX_DMFN,AGG_TXT,PT,4.96075
2012,TM_TAX_DMFN,AGG_TXT,PT,4.95657
2013,TM_TAX_DMFN,AGG_TXT,PT,4.95648
2014,TM_TAX_DMFN,AGG_TXT,PT,4.95639
2015,TM_TAX_DMFN,AGG_TXT,PT,4.95988
2016,TM_TAX_DMFN,AGG_TXT,PT,4.97582
2017,TM_TAX_DMFN,AGG_TXT,PT,4.92572
2018,TM_TAX_DMFN,AGG_TXT,PT,4.97718
2000,TM_TAX_DPRF,,PT,3.23181
2005,TM_TAX_DPRF,,PT,2.46329
2010,TM_TAX_DPRF,,PT,2.45482
2011,TM_TAX_DPRF,,PT,2.45075
2012,TM_TAX_DPRF,,PT,2.63814
2013,TM_TAX_DPRF,,PT,2.64101
2014,TM_TAX_DPRF,,PT,2.64285
2015,TM_TAX_DPRF,,PT,2.64777
2016,TM_TAX_DPRF,,PT,2.63355
2017,TM_TAX_DPRF,,PT,2.50361
2018,TM_TAX_DPRF,,PT,2.61017
2000,TM_TAX_DPRF,AGG_AGR,PT,1.44634
2005,TM_TAX_DPRF,AGG_AGR,PT,1.64971
2010,TM_TAX_DPRF,AGG_AGR,PT,0.33653
2011,TM_TAX_DPRF,AGG_AGR,PT,0.33654
2012,TM_TAX_DPRF,AGG_AGR,PT,0.29674
2013,TM_TAX_DPRF,AGG_AGR,PT,0.30307
2014,TM_TAX_DPRF,AGG_AGR,PT,0.30637
2015,TM_TAX_DPRF,AGG_AGR,PT,0.29919
2016,TM_TAX_DPRF,AGG_AGR,PT,0.29919
2017,TM_TAX_DPRF,AGG_AGR,PT,0.25722
2018,TM_TAX_DPRF,AGG_AGR,PT,0.27306
2000,TM_TAX_DPRF,AGG_ARMS,PT,0.32737
2005,TM_TAX_DPRF,AGG_ARMS,PT,0.1672
2010,TM_TAX_DPRF,AGG_ARMS,PT,0.1672
2011,TM_TAX_DPRF,AGG_ARMS,PT,0.1672
2012,TM_TAX_DPRF,AGG_ARMS,PT,0.1672
2013,TM_TAX_DPRF,AGG_ARMS,PT,0.1672
2014,TM_TAX_DPRF,AGG_ARMS,PT,0.1672
2015,TM_TAX_DPRF,AGG_ARMS,PT,0.1672
2016,TM_TAX_DPRF,AGG_ARMS,PT,0.1672
2017,TM_TAX_DPRF,AGG_ARMS,PT,0.1672
2018,TM_TAX_DPRF,AGG_ARMS,PT,0.1672
2000,TM_TAX_DPRF,AGG_CLTH,PT,6.14091
2005,TM_TAX_DPRF,AGG_CLTH,PT,5.18118
2010,TM_TAX_DPRF,AGG_CLTH,PT,5.17989
2011,TM_TAX_DPRF,AGG_CLTH,PT,5.17585
2012,TM_TAX_DPRF,AGG_CLTH,PT,5.17597
2013,TM_TAX_DPRF,AGG_CLTH,PT,5.17596
2014,TM_TAX_DPRF,AGG_CLTH,PT,5.17593
2015,TM_TAX_DPRF,AGG_CLTH,PT,5.17592
2016,TM_TAX_DPRF,AGG_CLTH,PT,5.17592
2017,TM_TAX_DPRF,AGG_CLTH,PT,4.9847
2018,TM_TAX_DPRF,AGG_CLTH,PT,5.18884
2000,TM_TAX_DPRF,AGG_IND,PT,0.49614
2005,TM_TAX_DPRF,AGG_IND,PT,0.15276
2010,TM_TAX_DPRF,AGG_IND,PT,0.14201
2011,TM_TAX_DPRF,AGG_IND,PT,0.13712
2012,TM_TAX_DPRF,AGG_IND,PT,0.5571
2013,TM_TAX_DPRF,AGG_IND,PT,0.56349
2014,TM_TAX_DPRF,AGG_IND,PT,0.56761
2015,TM_TAX_DPRF,AGG_IND,PT,0.5779
2016,TM_TAX_DPRF,AGG_IND,PT,0.55328
2017,TM_TAX_DPRF,AGG_IND,PT,0.46599
2018,TM_TAX_DPRF,AGG_IND,PT,0.48823
2000,TM_TAX_DPRF,AGG_TXT,PT,2.45647
2005,TM_TAX_DPRF,AGG_TXT,PT,0.64005
2010,TM_TAX_DPRF,AGG_TXT,PT,0.62686
2011,TM_TAX_DPRF,AGG_TXT,PT,0.62618
2012,TM_TAX_DPRF,AGG_TXT,PT,0.61744
2013,TM_TAX_DPRF,AGG_TXT,PT,0.61751
2014,TM_TAX_DPRF,AGG_TXT,PT,0.61745
2015,TM_TAX_DPRF,AGG_TXT,PT,0.62067
2016,TM_TAX_DPRF,AGG_TXT,PT,0.58925
2017,TM_TAX_DPRF,AGG_TXT,PT,0.54133
2018,TM_TAX_DPRF,AGG_TXT,PT,0.58928
