Year,Series,REF_AREA,Units,Value
1990,DT_TDS_DECT,524,PT,14.53116
1991,DT_TDS_DECT,524,PT,11.17499
1992,DT_TDS_DECT,524,PT,9.18233
1993,DT_TDS_DECT,524,PT,8.61512
1994,DT_TDS_DECT,524,PT,7.81449
1995,DT_TDS_DECT,524,PT,7.68718
1996,DT_TDS_DECT,524,PT,6.52582
1997,DT_TDS_DECT,524,PT,6.93006
1998,DT_TDS_DECT,524,PT,7.93733
1999,DT_TDS_DECT,524,PT,7.99309
2000,DT_TDS_DECT,524,PT,7.39416
2001,DT_TDS_DECT,524,PT,7.70669
2002,DT_TDS_DECT,524,PT,10.20136
2003,DT_TDS_DECT,524,PT,10.04593
2004,DT_TDS_DECT,524,PT,8.97048
2005,DT_TDS_DECT,524,PT,8.18599
2006,DT_TDS_DECT,524,PT,9.68741
2007,DT_TDS_DECT,524,PT,8.61938
2008,DT_TDS_DECT,524,PT,8.27386
2009,DT_TDS_DECT,524,PT,9.97659
2010,DT_TDS_DECT,524,PT,10.41391
2011,DT_TDS_DECT,524,PT,8.9984
2012,DT_TDS_DECT,524,PT,10.03123
2013,DT_TDS_DECT,524,PT,8.58646
2014,DT_TDS_DECT,524,PT,7.84996
2015,DT_TDS_DECT,524,PT,7.89666
2016,DT_TDS_DECT,524,PT,8.67174
2017,DT_TDS_DECT,524,PT,7.38106
