Year,Series,REF_AREA,SEX,AGE,URBANISATION,INCOME_WEALTH_QUANTILE,EDUCATION_LEV,OCCUPATION,CUST_BREAKDOWN,COMPOSITE_BREAKDOWN,DISABILITY_STATUS,ACTIVITY,PRODUCT,Units,Value
2015,AG_FPA_COMM,,None,None,None,None,None,None,None,None,None,None,CPC2_1_111,IX,-0.2
2016,AG_FPA_COMM,,None,None,None,None,None,None,None,None,None,None,CPC2_1_111,IX,-0.9
2015,AG_FPA_COMM,,None,None,None,None,None,None,None,None,None,None,CPC2_1_113,IX,-0.1
2016,AG_FPA_COMM,,None,None,None,None,None,None,None,None,None,None,CPC2_1_113,IX,0.0
