Year,Series,REF_AREA,SEX,AGE,URBANISATION,INCOME_WEALTH_QUANTILE,EDUCATION_LEV,OCCUPATION,CUST_BREAKDOWN,COMPOSITE_BREAKDOWN,DISABILITY_STATUS,ACTIVITY,PRODUCT,Units,Value
2010,SH_TRP_INTVN,,None,None,None,None,None,None,None,None,None,None,None,NUMBER,26834231
2011,SH_TRP_INTVN,,None,None,None,None,None,None,None,None,None,None,None,NUMBER,26975315
2012,SH_TRP_INTVN,,None,None,None,None,None,None,None,None,None,None,None,NUMBER,20852506
2013,SH_TRP_INTVN,,None,None,None,None,None,None,None,None,None,None,None,NUMBER,23979335
2014,SH_TRP_INTVN,,None,None,None,None,None,None,None,None,None,None,None,NUMBER,21348508
2015,SH_TRP_INTVN,,None,None,None,None,None,None,None,None,None,None,None,NUMBER,18850311
2016,SH_TRP_INTVN,,None,None,None,None,None,None,None,None,None,None,None,NUMBER,17552881
2017,SH_TRP_INTVN,,None,None,None,None,None,None,None,None,None,None,None,NUMBER,16062081
2018,SH_TRP_INTVN,,None,None,None,None,None,None,None,None,None,None,None,NUMBER,14520580
