Year,Series,REF_AREA,SEX,AGE,URBANISATION,INCOME_WEALTH_QUANTILE,EDUCATION_LEV,OCCUPATION,CUST_BREAKDOWN,COMPOSITE_BREAKDOWN,DISABILITY_STATUS,ACTIVITY,PRODUCT,Units,Value
2000,SH_STA_TRAF,,None,None,None,None,None,None,None,None,None,None,None,PER_100000_POP,15.7
2005,SH_STA_TRAF,,None,None,None,None,None,None,None,None,None,None,None,PER_100000_POP,16.1
2010,SH_STA_TRAF,,None,None,None,None,None,None,None,None,None,None,None,PER_100000_POP,15.7
2013,SH_STA_TRAF,,None,None,None,None,None,None,None,None,None,None,None,PER_100000_POP,15.1
2016,SH_STA_TRAF,,None,None,None,None,None,None,None,None,None,None,None,PER_100000_POP,15.9
