Year,Series,REF_AREA,SEX,AGE,URBANISATION,INCOME_WEALTH_QUANTILE,EDUCATION_LEV,OCCUPATION,CUST_BREAKDOWN,COMPOSITE_BREAKDOWN,DISABILITY_STATUS,ACTIVITY,PRODUCT,Units,Value
2001,SH_FPL_MTMM,,F,Y15T49,None,None,None,None,None,None,None,None,None,PT,52.8
2006,SH_FPL_MTMM,,F,Y15T49,None,None,None,None,None,None,None,None,None,PT,60.9
2011,SH_FPL_MTMM,,F,Y15T49,None,None,None,None,None,None,None,None,None,PT,56.2
2014,SH_FPL_MTMM,,F,Y15T49,None,None,None,None,None,None,None,None,None,PT,62.9
2017,SH_FPL_MTMM,,F,Y15T49,None,None,None,None,None,None,None,None,None,PT,56.0
