Year,Series,REF_AREA,SEX,AGE,URBANISATION,INCOME_WEALTH_QUANTILE,EDUCATION_LEV,OCCUPATION,CUST_BREAKDOWN,COMPOSITE_BREAKDOWN,DISABILITY_STATUS,ACTIVITY,PRODUCT,Units,Value
2003,SH_XPD_EARN10,,None,None,None,None,None,None,None,None,None,None,None,PT,9.97
2010,SH_XPD_EARN10,,None,None,None,None,None,None,None,None,None,None,None,PT,27.41
2014,SH_XPD_EARN10,,None,None,None,None,None,None,None,None,None,None,None,PT,10.71
2003,SH_XPD_EARN25,,None,None,None,None,None,None,None,None,None,None,None,PT,0.8
2010,SH_XPD_EARN25,,None,None,None,None,None,None,None,None,None,None,None,PT,3.31
2014,SH_XPD_EARN25,,None,None,None,None,None,None,None,None,None,None,None,PT,2.41
