Year,Series,REF_AREA,SEX,AGE,URBANISATION,INCOME_WEALTH_QUANTILE,EDUCATION_LEV,OCCUPATION,CUST_BREAKDOWN,COMPOSITE_BREAKDOWN,DISABILITY_STATUS,ACTIVITY,PRODUCT,Units,Value
2016,SH_AAP_ASMORT,,None,None,None,None,None,None,None,None,None,None,None,PER_100000_POP,112
2016,SH_AAP_MORT,,None,None,None,None,None,None,None,None,None,None,None,PER_100000_POP,76
2016,SH_HAP_ASMORT,,None,None,None,None,None,None,None,None,None,None,None,PER_100000_POP,120
2016,SH_HAP_MORT,,None,None,None,None,None,None,None,None,None,None,None,PER_100000_POP,81
2016,SH_STA_AIRP,,None,None,None,None,None,None,None,None,None,None,None,PER_100000_POP,133
2016,SH_STA_ASAIRP,,None,None,None,None,None,None,None,None,None,None,None,PER_100000_POP,194
