Year,Series,REF_AREA,COMPOSITE_BREAKDOWN,Units,Value
2010,SH_IHR_CAPS,,IHR_01,PT,75
2011,SH_IHR_CAPS,,IHR_01,PT,75
2012,SH_IHR_CAPS,,IHR_01,PT,75
2013,SH_IHR_CAPS,,IHR_01,PT,75
2014,SH_IHR_CAPS,,IHR_01,PT,100
2015,SH_IHR_CAPS,,IHR_01,PT,100
2016,SH_IHR_CAPS,,IHR_01,PT,100
2017,SH_IHR_CAPS,,IHR_01,PT,0
2010,SH_IHR_CAPS,,IHR_02,PT,75
2011,SH_IHR_CAPS,,IHR_02,PT,66
2012,SH_IHR_CAPS,,IHR_02,PT,66
2013,SH_IHR_CAPS,,IHR_02,PT,73
2014,SH_IHR_CAPS,,IHR_02,PT,100
2015,SH_IHR_CAPS,,IHR_02,PT,100
2016,SH_IHR_CAPS,,IHR_02,PT,100
2017,SH_IHR_CAPS,,IHR_02,PT,10
2010,SH_IHR_CAPS,,IHR_03,PT,40
2011,SH_IHR_CAPS,,IHR_03,PT,40
2012,SH_IHR_CAPS,,IHR_03,PT,35
2013,SH_IHR_CAPS,,IHR_03,PT,70
2014,SH_IHR_CAPS,,IHR_03,PT,90
2015,SH_IHR_CAPS,,IHR_03,PT,95
2016,SH_IHR_CAPS,,IHR_03,PT,95
2017,SH_IHR_CAPS,,IHR_03,PT,25
2010,SH_IHR_CAPS,,IHR_04,PT,48
2011,SH_IHR_CAPS,,IHR_04,PT,71
2012,SH_IHR_CAPS,,IHR_04,PT,52
2013,SH_IHR_CAPS,,IHR_04,PT,67
2014,SH_IHR_CAPS,,IHR_04,PT,76
2015,SH_IHR_CAPS,,IHR_04,PT,94
2016,SH_IHR_CAPS,,IHR_04,PT,94
2017,SH_IHR_CAPS,,IHR_04,PT,40
2010,SH_IHR_CAPS,,IHR_05,PT,14
2011,SH_IHR_CAPS,,IHR_05,PT,65
2012,SH_IHR_CAPS,,IHR_05,PT,40
2013,SH_IHR_CAPS,,IHR_05,PT,66
2014,SH_IHR_CAPS,,IHR_05,PT,70
2015,SH_IHR_CAPS,,IHR_05,PT,80
2016,SH_IHR_CAPS,,IHR_05,PT,80
2017,SH_IHR_CAPS,,IHR_05,PT,20
2010,SH_IHR_CAPS,,IHR_06,PT,80
2011,SH_IHR_CAPS,,IHR_06,PT,29
2012,SH_IHR_CAPS,,IHR_06,PT,29
2013,SH_IHR_CAPS,,IHR_06,PT,83
2014,SH_IHR_CAPS,,IHR_06,PT,86
2015,SH_IHR_CAPS,,IHR_06,PT,86
2016,SH_IHR_CAPS,,IHR_06,PT,86
2017,SH_IHR_CAPS,,IHR_06,PT,29
2010,SH_IHR_CAPS,,IHR_07,PT,33
2011,SH_IHR_CAPS,,IHR_07,PT,25
2012,SH_IHR_CAPS,,IHR_07,PT,20
2013,SH_IHR_CAPS,,IHR_07,PT,20
2014,SH_IHR_CAPS,,IHR_07,PT,60
2015,SH_IHR_CAPS,,IHR_07,PT,80
2016,SH_IHR_CAPS,,IHR_07,PT,80
2017,SH_IHR_CAPS,,IHR_07,PT,0
2010,SH_IHR_CAPS,,IHR_08,PT,88
2011,SH_IHR_CAPS,,IHR_08,PT,60
2012,SH_IHR_CAPS,,IHR_08,PT,60
2013,SH_IHR_CAPS,,IHR_08,PT,100
2014,SH_IHR_CAPS,,IHR_08,PT,91
2015,SH_IHR_CAPS,,IHR_08,PT,100
2016,SH_IHR_CAPS,,IHR_08,PT,100
2017,SH_IHR_CAPS,,IHR_08,PT,69
2010,SH_IHR_CAPS,,IHR_09,PT,29
2011,SH_IHR_CAPS,,IHR_09,PT,15
2012,SH_IHR_CAPS,,IHR_09,PT,65
2013,SH_IHR_CAPS,,IHR_09,PT,21
2014,SH_IHR_CAPS,,IHR_09,PT,27
2015,SH_IHR_CAPS,,IHR_09,PT,27
2016,SH_IHR_CAPS,,IHR_09,PT,27
2017,SH_IHR_CAPS,,IHR_09,PT,59
2010,SH_IHR_CAPS,,IHR_10,PT,46
2011,SH_IHR_CAPS,,IHR_10,PT,67
2012,SH_IHR_CAPS,,IHR_10,PT,44
2013,SH_IHR_CAPS,,IHR_10,PT,100
2014,SH_IHR_CAPS,,IHR_10,PT,100
2015,SH_IHR_CAPS,,IHR_10,PT,100
2016,SH_IHR_CAPS,,IHR_10,PT,100
2017,SH_IHR_CAPS,,IHR_10,PT,33
2010,SH_IHR_CAPS,,IHR_11,PT,46
2011,SH_IHR_CAPS,,IHR_11,PT,58
2012,SH_IHR_CAPS,,IHR_11,PT,60
2013,SH_IHR_CAPS,,IHR_11,PT,73
2014,SH_IHR_CAPS,,IHR_11,PT,47
2015,SH_IHR_CAPS,,IHR_11,PT,53
2016,SH_IHR_CAPS,,IHR_11,PT,53
2017,SH_IHR_CAPS,,IHR_11,PT,7
2010,SH_IHR_CAPS,,IHR_12,PT,7
2011,SH_IHR_CAPS,,IHR_12,PT,83
2012,SH_IHR_CAPS,,IHR_12,PT,0
2013,SH_IHR_CAPS,,IHR_12,PT,31
2014,SH_IHR_CAPS,,IHR_12,PT,8
2015,SH_IHR_CAPS,,IHR_12,PT,8
2016,SH_IHR_CAPS,,IHR_12,PT,8
2017,SH_IHR_CAPS,,IHR_12,PT,0
2010,SH_IHR_CAPS,,IHR_13,PT,6
2011,SH_IHR_CAPS,,IHR_13,PT,17
2012,SH_IHR_CAPS,,IHR_13,PT,0
2013,SH_IHR_CAPS,,IHR_13,PT,8
2014,SH_IHR_CAPS,,IHR_13,PT,8
2015,SH_IHR_CAPS,,IHR_13,PT,8
2016,SH_IHR_CAPS,,IHR_13,PT,8
2017,SH_IHR_CAPS,,IHR_13,PT,0
2018,SH_IHR_CAPS,,SPAR_01,PT,27
2019,SH_IHR_CAPS,,SPAR_01,PT,47
2018,SH_IHR_CAPS,,SPAR_02,PT,20
2019,SH_IHR_CAPS,,SPAR_02,PT,50
2018,SH_IHR_CAPS,,SPAR_03,PT,20
2019,SH_IHR_CAPS,,SPAR_03,PT,20
2018,SH_IHR_CAPS,,SPAR_04,PT,20
2019,SH_IHR_CAPS,,SPAR_04,PT,20
2018,SH_IHR_CAPS,,SPAR_05,PT,33
2019,SH_IHR_CAPS,,SPAR_05,PT,40
2018,SH_IHR_CAPS,,SPAR_06,PT,40
2019,SH_IHR_CAPS,,SPAR_06,PT,50
2018,SH_IHR_CAPS,,SPAR_07,PT,40
2019,SH_IHR_CAPS,,SPAR_07,PT,40
2018,SH_IHR_CAPS,,SPAR_08,PT,40
2019,SH_IHR_CAPS,,SPAR_08,PT,47
2018,SH_IHR_CAPS,,SPAR_09,PT,20
2019,SH_IHR_CAPS,,SPAR_09,PT,40
2018,SH_IHR_CAPS,,SPAR_10,PT,20
2019,SH_IHR_CAPS,,SPAR_10,PT,20
2018,SH_IHR_CAPS,,SPAR_11,PT,20
2019,SH_IHR_CAPS,,SPAR_11,PT,30
2018,SH_IHR_CAPS,,SPAR_12,PT,0
2019,SH_IHR_CAPS,,SPAR_12,PT,20
2018,SH_IHR_CAPS,,SPAR_13,PT,0
2019,SH_IHR_CAPS,,SPAR_13,PT,20
