Year,Series,REF_AREA,SEX,AGE,URBANISATION,INCOME_WEALTH_QUANTILE,EDUCATION_LEV,OCCUPATION,CUST_BREAKDOWN,COMPOSITE_BREAKDOWN,DISABILITY_STATUS,ACTIVITY,PRODUCT,Units,Value
2011,SE_ACS_CMPTR,,None,None,None,None,ISCED11_1,None,None,None,None,None,None,PT,0.33962
2011,SE_ACS_CMPTR,,None,None,None,None,ISCED11_2,None,None,None,None,None,None,PT,1.27314
2011,SE_ACS_CMPTR,,None,None,None,None,ISCED11_3,None,None,None,None,None,None,PT,8.47808
2011,SE_ACS_ELECT,,None,None,None,None,ISCED11_1,None,None,None,None,None,None,PT,6.59344
2011,SE_ACS_ELECT,,None,None,None,None,ISCED11_2,None,None,None,None,None,None,PT,12.52199
2011,SE_ACS_ELECT,,None,None,None,None,ISCED11_3,None,None,None,None,None,None,PT,47.29746
2016,SE_ACS_H2O,,None,None,None,None,ISCED11_1,None,None,None,None,None,None,PT,39.01046
