Year,Series,REF_AREA,SEX,AGE,URBANISATION,INCOME_WEALTH_QUANTILE,EDUCATION_LEV,OCCUPATION,CUST_BREAKDOWN,COMPOSITE_BREAKDOWN,DISABILITY_STATUS,ACTIVITY,PRODUCT,Units,Value
2016,VC_VAW_MARR,,F,Y15T19,None,None,None,None,None,None,None,None,None,PT,17.0
2016,VC_VAW_MARR,,F,Y15T49,None,None,None,None,None,None,None,None,None,PT,11.2
2016,VC_VAW_MARR,,F,Y20T24,None,None,None,None,None,None,None,None,None,PT,12.4
2016,VC_VAW_MARR,,F,Y25T29,None,None,None,None,None,None,None,None,None,PT,12.0
2016,VC_VAW_MARR,,F,Y30T34,None,None,None,None,None,None,None,None,None,PT,11.4
2016,VC_VAW_MARR,,F,Y35T39,None,None,None,None,None,None,None,None,None,PT,11.0
2016,VC_VAW_MARR,,F,Y40T44,None,None,None,None,None,None,None,None,None,PT,7.0
2016,VC_VAW_MARR,,F,Y45T49,None,None,None,None,None,None,None,None,None,PT,9.8
