Year,Series,REF_AREA,SEX,AGE,URBANISATION,INCOME_WEALTH_QUANTILE,EDUCATION_LEV,OCCUPATION,CUST_BREAKDOWN,COMPOSITE_BREAKDOWN,DISABILITY_STATUS,ACTIVITY,PRODUCT,Units,Value
2011,SH_FPL_INFM,,F,Y15T49,None,None,None,None,None,None,None,None,None,PT,59.5
2016,SH_FPL_INFM,,F,Y15T49,None,None,None,None,None,None,None,None,None,PT,47.7
2011,SH_FPL_INFMCU,,F,Y15T49,None,None,None,None,None,None,None,None,None,PT,87.4
2016,SH_FPL_INFMCU,,F,Y15T49,None,None,None,None,None,None,None,None,None,PT,85.2
2011,SH_FPL_INFMRH,,F,Y15T49,None,None,None,None,None,None,None,None,None,PT,69.8
2016,SH_FPL_INFMRH,,F,Y15T49,None,None,None,None,None,None,None,None,None,PT,59.1
2011,SH_FPL_INFMSR,,F,Y15T49,None,None,None,None,None,None,None,None,None,PT,94.3
2016,SH_FPL_INFMSR,,F,Y15T49,None,None,None,None,None,None,None,None,None,PT,91.4
