Year,Series,REF_AREA,SEX,AGE,URBANISATION,INCOME_WEALTH_QUANTILE,EDUCATION_LEV,OCCUPATION,CUST_BREAKDOWN,COMPOSITE_BREAKDOWN,DISABILITY_STATUS,ACTIVITY,PRODUCT,Units,Value
2011,FB_BNK_ACCSS,,None,Y_GE15,None,None,None,None,None,None,None,None,None,PT,25.31
2014,FB_BNK_ACCSS,,None,Y_GE15,None,None,None,None,None,None,None,None,None,PT,33.8
2017,FB_BNK_ACCSS,,None,Y_GE15,None,None,None,None,None,None,None,None,None,PT,45.39
2011,FB_BNK_ACCSS,,F,Y_GE15,None,None,None,None,None,None,None,None,None,PT,21.22
2014,FB_BNK_ACCSS,,F,Y_GE15,None,None,None,None,None,None,None,None,None,PT,31.27
2017,FB_BNK_ACCSS,,F,Y_GE15,None,None,None,None,None,None,None,None,None,PT,41.6
2011,FB_BNK_ACCSS,,M,Y_GE15,None,None,None,None,None,None,None,None,None,PT,29.56
2014,FB_BNK_ACCSS,,M,Y_GE15,None,None,None,None,None,None,None,None,None,PT,36.72
2017,FB_BNK_ACCSS,,M,Y_GE15,None,None,None,None,None,None,None,None,None,PT,49.98
