Year,Series,REF_AREA,SEX,AGE,URBANISATION,INCOME_WEALTH_QUANTILE,EDUCATION_LEV,OCCUPATION,CUST_BREAKDOWN,COMPOSITE_BREAKDOWN,DISABILITY_STATUS,ACTIVITY,PRODUCT,Units,Value
2008,SL_TLF_NEET,,None,Y15T24,None,None,None,None,None,None,None,None,None,PT,23.1
2017,SL_TLF_NEET,,None,Y15T24,None,None,None,None,None,None,None,None,None,PT,32.1
2008,SL_TLF_NEET,,F,Y15T24,None,None,None,None,None,None,None,None,None,PT,24.1
2017,SL_TLF_NEET,,F,Y15T24,None,None,None,None,None,None,None,None,None,PT,42.0
2008,SL_TLF_NEET,,M,Y15T24,None,None,None,None,None,None,None,None,None,PT,21.9
2017,SL_TLF_NEET,,M,Y15T24,None,None,None,None,None,None,None,None,None,PT,20.0
