Year,Series,REF_AREA,SEX,AGE,URBANISATION,INCOME_WEALTH_QUANTILE,EDUCATION_LEV,OCCUPATION,CUST_BREAKDOWN,COMPOSITE_BREAKDOWN,DISABILITY_STATUS,ACTIVITY,PRODUCT,Units,Value
2014,SL_TLF_CHLDEA,,None,Y5T17,None,None,None,None,None,None,None,None,None,PT,19.03
2014,SL_TLF_CHLDEA,,F,Y5T17,None,None,None,None,None,None,None,None,None,PT,19.25039
2014,SL_TLF_CHLDEA,,M,Y5T17,None,None,None,None,None,None,None,None,None,PT,19.15775
2014,SL_TLF_CHLDEC,,None,Y5T17,None,None,None,None,None,None,None,None,None,PT,21.71
2014,SL_TLF_CHLDEC,,F,Y5T17,None,None,None,None,None,None,None,None,None,PT,23.07
2014,SL_TLF_CHLDEC,,M,Y5T17,None,None,None,None,None,None,None,None,None,PT,20.29
