Year,SOURCE_DETAIL,SERIES,COMPOSITE_BREAKDOWN,UNIT_MEASURE,COMMENT_OBS,Value
2017,ICAO,IS_RDP_FRGVOL,MOT_AIR,T_KM,,4566839.9023
2018,ICAO,IS_RDP_FRGVOL,MOT_AIR,T_KM,,4655766.324
2018,the International Transport Forum at the OECD (ITF-OECD),IS_RDP_FRGVOL,MOT_IWW,T_KM,Obs_Value = 0;,0.0
2018,the International Transport Forum at the OECD (ITF-OECD),IS_RDP_FRGVOL,MOT_RAI,T_KM,Obs_Value = 0;,0.0
2018,the International Transport Forum at the OECD (ITF-OECD),IS_RDP_FRGVOL,MOT_ROA,T_KM,,6847541232.27044
2017,ICAO,IS_RDP_PFVOL,MOT_AIR,P_KM,,1970060556.36
2018,ICAO,IS_RDP_PFVOL,MOT_AIR,P_KM,,2269399668.0
2018,the International Transport Forum at the OECD (ITF-OECD),IS_RDP_PFVOL,MOT_RAI,P_KM,,3635427323.33271
2018,the International Transport Forum at the OECD (ITF-OECD),IS_RDP_PFVOL,MOT_ROA,P_KM,,17311604297.0744
