Year,SERIES,REF_AREA,UNIT_MEASURE,Value
2014,SH_STA_STNT,,PT,37.4
2019,SH_STA_STNT,,PT,31.5
2019,SH_STA_STNT,प्रान्त न। १,PT,24.9
2019,SH_STA_STNT,प्रान्त न। २,PT,34.2
2019,SH_STA_STNT,वाग्मती,PT,22.9
2019,SH_STA_STNT,गण्डकी,PT,22.6
2019,SH_STA_STNT,लुम्बिनी,PT,35.5
2019,SH_STA_STNT,कर्णाली,PT,47.8
2019,SH_STA_STNT,सुदूरपश्चिम,PT,40.9
2014,_L_NP_02_02_01_1,,PT,15.8
2019,_L_NP_02_02_01_1,,PT,11.8
2019,_L_NP_02_02_01_1,प्रान्त न। १,PT,8.0
2019,_L_NP_02_02_01_1,प्रान्त न। २,PT,14.8
2019,_L_NP_02_02_01_1,वाग्मती,PT,7.3
2019,_L_NP_02_02_01_1,गण्डकी,PT,6.4
2019,_L_NP_02_02_01_1,लुम्बिनी,PT,13.0
2019,_L_NP_02_02_01_1,कर्णाली,PT,20.5
2019,_L_NP_02_02_01_1,सुदूरपश्चिम,PT,15.4
