Year,SERIES,REF_AREA,AGE,UNIT_MEASURE,Value
2014,SP_DYN_ADKL,,Y15T19,PT,71
2019,SP_DYN_ADKL,,Y15T19,PT,63
2019,SP_DYN_ADKL,प्रान्त न। १,Y15T19,PT,61
2019,SP_DYN_ADKL,प्रान्त न। २,Y15T19,PT,96
2019,SP_DYN_ADKL,वाग्मती,Y15T19,PT,40
2019,SP_DYN_ADKL,गण्डकी,Y15T19,PT,58
2019,SP_DYN_ADKL,लुम्बिनी,Y15T19,PT,57
2019,SP_DYN_ADKL,कर्णाली,Y15T19,PT,81
2019,SP_DYN_ADKL,सुदूरपश्चिम,Y15T19,PT,60
