Year,SERIES,REF_AREA,AGE,URBANISATION,UNIT_MEASURE,Value
2017,SL_TLF_NEET,,Y15T24,,PT,35.3
2017,SL_TLF_NEET,,Y15T24,U,PT,31.2
2017,SL_TLF_NEET,,Y15T24,R,PT,43.3
2017,SL_TLF_NEET,प्रान्त न। १,Y15T24,,PT,37.3
2017,SL_TLF_NEET,प्रान्त न। २,Y15T24,,PT,48.3
2017,SL_TLF_NEET,वाग्मती,Y15T24,,PT,20.9
2017,SL_TLF_NEET,गण्डकी,Y15T24,,PT,33.0
2017,SL_TLF_NEET,लुम्बिनी,Y15T24,,PT,36.9
2017,SL_TLF_NEET,कर्णाली,Y15T24,,PT,40.9
2017,SL_TLF_NEET,सुदूरपश्चिम,Y15T24,,PT,37.0
