Year,Series,REF_AREA,Units,Value
2000,NV_IND_TECH,,PT,12.1
2001,NV_IND_TECH,,PT,12.12
2002,NV_IND_TECH,,PT,11.86
2003,NV_IND_TECH,,PT,11.86
2004,NV_IND_TECH,,PT,9.19
2005,NV_IND_TECH,,PT,9.19
2006,NV_IND_TECH,,PT,9.13
2007,NV_IND_TECH,,PT,9.19
2008,NV_IND_TECH,,PT,1.9
2009,NV_IND_TECH,,PT,2.14
2010,NV_IND_TECH,,PT,8.47
2011,NV_IND_TECH,,PT,8.38
2012,NV_IND_TECH,,PT,8.38
2013,NV_IND_TECH,,PT,8.38
2014,NV_IND_TECH,,PT,8.38
2015,NV_IND_TECH,,PT,8.38
2016,NV_IND_TECH,,PT,8.38
2017,NV_IND_TECH,,PT,8.38
2018,NV_IND_TECH,,PT,8.38
